{
	"credit": "Made with Blockbench",
	"texture_size": [32, 32],
	"textures": {
		"1": "acorn_top",
		"particle": "acorn_top"
	},
	"elements": [
		{
			"from": [3, 6.5, 3],
			"to": [13, 9.5, 13],
			"rotation": {"angle": 45, "axis": "y", "origin": [8, 7.25, 8]},
			"faces": {
				"north": {"uv": [9, 9, 14, 10.5], "texture": "#1"},
				"east": {"uv": [0, 10, 5, 11.5], "texture": "#1"},
				"south": {"uv": [9, 10.5, 14, 12], "texture": "#1"},
				"west": {"uv": [0, 11.5, 5, 13], "texture": "#1"},
				"up": {"uv": [5, 5, 0, 0], "texture": "#1"},
				"down": {"uv": [5, 5, 0, 10], "texture": "#1"}
			}
		},
		{
			"from": [4, 0.5, 4],
			"to": [12, 6.5, 12],
			"rotation": {"angle": 45, "axis": "y", "origin": [8, 7.25, 8]},
			"faces": {
				"north": {"uv": [5, 8, 9, 11], "texture": "#1"},
				"east": {"uv": [9, 0, 13, 3], "texture": "#1"},
				"south": {"uv": [9, 3, 13, 6], "texture": "#1"},
				"west": {"uv": [9, 6, 13, 9], "texture": "#1"},
				"up": {"uv": [9, 4, 5, 0], "texture": "#1"},
				"down": {"uv": [9, 4, 5, 8], "texture": "#1"}
			}
		},
		{
			"from": [6.5, 9.5, 6.5],
			"to": [9.5, 12.5, 9.5],
			"rotation": {"angle": 45, "axis": "y", "origin": [8, 7.25, 8]},
			"faces": {
				"north": {"uv": [10, 12, 11.5, 13.5], "texture": "#1"},
				"east": {"uv": [11.5, 12, 13, 13.5], "texture": "#1"},
				"south": {"uv": [5, 12.5, 6.5, 14], "texture": "#1"},
				"west": {"uv": [0, 13, 1.5, 14.5], "texture": "#1"},
				"up": {"uv": [14.5, 1.5, 13, 0], "texture": "#1"},
				"down": {"uv": [3, 13, 1.5, 14.5], "texture": "#1"}
			}
		},
		{
			"from": [8.6, 11.4, 6.5],
			"to": [13.6, 11.4, 9.5],
			"rotation": {"angle": 22.5, "axis": "z", "origin": [12, 10.5, 8]},
			"faces": {
				"north": {"uv": [7.5, 12.5, 5, 11], "texture": "#1"},
				"east": {"uv": [7.5, 12.5, 5, 11], "texture": "#1"},
				"south": {"uv": [7.5, 12.5, 5, 11], "texture": "#1"},
				"west": {"uv": [7.5, 12.5, 5, 11], "texture": "#1"},
				"up": {"uv": [7.5, 12.5, 5, 11], "texture": "#1"},
				"down": {"uv": [7.5, 12.5, 5, 11], "texture": "#1"}
			}
		},
		{
			"from": [8.6, 10.4, 6.5],
			"to": [13.6, 11.4, 6.5],
			"rotation": {"angle": 22.5, "axis": "z", "origin": [12, 10.5, 8]},
			"faces": {
				"north": {"uv": [13, 1.5, 15.5, 2], "texture": "#1"},
				"east": {"uv": [7.5, 11, 9, 11.5], "texture": "#1"},
				"south": {"uv": [13, 2, 15.5, 2.5], "texture": "#1"},
				"west": {"uv": [7.5, 11.5, 9, 12], "texture": "#1"},
				"up": {"uv": [7.5, 12.5, 5, 11], "texture": "#1"},
				"down": {"uv": [10, 12, 7.5, 13.5], "texture": "#1"}
			}
		},
		{
			"from": [8.6, 10.4, 9.5],
			"to": [13.6, 11.4, 9.5],
			"rotation": {"angle": 22.5, "axis": "z", "origin": [12, 10.5, 8]},
			"faces": {
				"north": {"uv": [13, 1.5, 15.5, 2], "texture": "#1"},
				"east": {"uv": [7.5, 11, 9, 11.5], "texture": "#1"},
				"south": {"uv": [13, 2, 15.5, 2.5], "texture": "#1"},
				"west": {"uv": [7.5, 11.5, 9, 12], "texture": "#1"},
				"up": {"uv": [7.5, 12.5, 5, 11], "texture": "#1"},
				"down": {"uv": [10, 12, 7.5, 13.5], "texture": "#1"}
			}
		},
		{
			"from": [8.6, 10.4, 9.5],
			"to": [13.6, 11.4, 9.5],
			"rotation": {"angle": 22.5, "axis": "z", "origin": [12, 10.5, 8]},
			"faces": {
				"north": {"uv": [13, 1.5, 15.5, 2], "texture": "#1"},
				"east": {"uv": [7.5, 11, 9, 11.5], "texture": "#1"},
				"south": {"uv": [13, 2, 15.5, 2.5], "texture": "#1"},
				"west": {"uv": [7.5, 11.5, 9, 12], "texture": "#1"},
				"up": {"uv": [7.5, 12.5, 5, 11], "texture": "#1"},
				"down": {"uv": [10, 12, 7.5, 13.5], "texture": "#1"}
			}
		},
		{
			"from": [7.69036, 10.65902, 8.30656],
			"to": [10.69036, 10.65902, 13.30656],
			"rotation": {"angle": 22.5, "axis": "y", "origin": [9.59036, 10.40902, 9.30656]},
			"faces": {
				"north": {"uv": [7.5, 12.5, 5, 11], "texture": "#1"},
				"east": {"uv": [7.5, 12.5, 5, 11], "texture": "#1"},
				"south": {"uv": [7.5, 12.5, 5, 11], "texture": "#1"},
				"west": {"uv": [7.5, 12.5, 5, 11], "texture": "#1"},
				"up": {"uv": [7.5, 12.5, 5, 11], "rotation": 90, "texture": "#1"},
				"down": {"uv": [7.5, 12.5, 5, 11], "rotation": 270, "texture": "#1"}
			}
		},
		{
			"from": [7.69036, 9.65902, 8.30656],
			"to": [7.69036, 10.65902, 13.30656],
			"rotation": {"angle": 22.5, "axis": "y", "origin": [9.59036, 10.40902, 9.30656]},
			"faces": {
				"north": {"uv": [7.5, 11.5, 9, 12], "texture": "#1"},
				"east": {"uv": [13, 1.5, 15.5, 2], "texture": "#1"},
				"south": {"uv": [7.5, 11, 9, 11.5], "texture": "#1"},
				"west": {"uv": [13, 2, 15.5, 2.5], "texture": "#1"},
				"up": {"uv": [7.5, 12.5, 5, 11], "rotation": 90, "texture": "#1"},
				"down": {"uv": [10, 12, 7.5, 13.5], "rotation": 270, "texture": "#1"}
			}
		},
		{
			"from": [10.69036, 9.65902, 8.30656],
			"to": [10.69036, 10.65902, 13.30656],
			"rotation": {"angle": 22.5, "axis": "y", "origin": [9.59036, 10.40902, 9.30656]},
			"faces": {
				"north": {"uv": [7.5, 11.5, 9, 12], "texture": "#1"},
				"east": {"uv": [13, 1.5, 15.5, 2], "texture": "#1"},
				"south": {"uv": [7.5, 11, 9, 11.5], "texture": "#1"},
				"west": {"uv": [13, 2, 15.5, 2.5], "texture": "#1"},
				"up": {"uv": [7.5, 12.5, 5, 11], "rotation": 90, "texture": "#1"},
				"down": {"uv": [10, 12, 7.5, 13.5], "rotation": 270, "texture": "#1"}
			}
		}
	],
	"display": {
		"thirdperson_righthand": {
			"scale": [0.5, 0.5, 0.5]
		},
		"thirdperson_lefthand": {
			"scale": [0.5, 0.5, 0.5]
		},
		"firstperson_righthand": {
			"translation": [2.5, -2.25, 0]
		},
		"firstperson_lefthand": {
			"translation": [2.5, -2.25, 0]
		},
		"ground": {
			"translation": [0, -1.25, 0]
		},
		"gui": {
			"rotation": [35, 0, 0],
			"translation": [0, 0, -2.75]
		},
		"head": {
			"rotation": [0, -45, 0],
			"translation": [0, 4.5, 0],
			"scale": [1.82, 1.82, 1.82]
		},
		"fixed": {
			"rotation": [0, -45, 0],
			"translation": [0, 0, -2.75]
		}
	}
}