{
  "parent": "minecraft:block/carved_pumpkin",
  "overrides": [
	{
		"predicate": {
			"custom_model_data": 10000
		},
		"model": "item/acorn_hat"
	},
	{
		"predicate": {
			"custom_model_data": 10001
		},
		"model": "item/acorn_top"
	},
	{
		"predicate": {
			"custom_model_data": 10002
		},
		"model": "item/bee_bucket_hat"
	},
	{
		"predicate": {
			"custom_model_data": 10003
		},
		"model": "item/black_bunny_ears"
	},
	{
		"predicate": {
			"custom_model_data": 10004
		},
		"model": "item/blue_lumberjack_hat"
	},
	{
		"predicate": {
			"custom_model_data": 10005
		},
		"model": "item/brown_bunny_ears"
	},
	{
		"predicate": {
			"custom_model_data": 10006
		},
		"model": "item/ranger_hat"
	},
	{
		"predicate": {
			"custom_model_data": 10007
		},
		"model": "item/robin_nest"
	},
	{
		"predicate": {
			"custom_model_data": 10008
		},
		"model": "item/camp_cozy_sign"
	}
  ]
}