{
	"credit": "Made with Blockbench",
	"texture_size": [32, 32],
	"textures": {
		"0": "brown_bunny_ears",
		"particle": "brown_bunny_ears"
	},
	"elements": [
		{
			"from": [3.5, 2.5, 6.5],
			"to": [6.5, 12.5, 8.5],
			"rotation": {"angle": 0, "axis": "y", "origin": [4.5, 7.5, 7.5]},
			"faces": {
				"north": {"uv": [0, 0, 1.5, 5.5], "texture": "#0"},
				"east": {"uv": [3, 0, 4, 5.5], "texture": "#0"},
				"south": {"uv": [1.5, 0, 3, 5.5], "texture": "#0"},
				"west": {"uv": [4, 0, 5, 5.5], "texture": "#0"},
				"up": {"uv": [8, 5, 6.5, 4], "texture": "#0"},
				"down": {"uv": [8, 5, 6.5, 6], "texture": "#0"}
			}
		},
		{
			"from": [7.5, 2.5, 6.5],
			"to": [10.5, 8.5, 8.5],
			"rotation": {"angle": 0, "axis": "y", "origin": [6, 7, 8]},
			"faces": {
				"north": {"uv": [5, 0, 6.5, 3.5], "texture": "#0"},
				"east": {"uv": [0, 5.5, 1, 9], "texture": "#0"},
				"south": {"uv": [5, 3.5, 6.5, 7], "texture": "#0"},
				"west": {"uv": [1, 5.5, 2, 9], "texture": "#0"},
				"up": {"uv": [8, 7, 6.5, 6], "texture": "#0"},
				"down": {"uv": [6.5, 7, 5, 8], "texture": "#0"}
			}
		},
		{
			"from": [7.5, 5.87868, 7.17157],
			"to": [10.5, 9.87868, 9.17157],
			"rotation": {"angle": -45, "axis": "x", "origin": [6, 6.37868, 5.67157]},
			"faces": {
				"north": {"uv": [2, 5.5, 3.5, 7.5], "texture": "#0"},
				"east": {"uv": [6.5, 0, 7.5, 2], "texture": "#0"},
				"south": {"uv": [3.5, 5.5, 5, 7.5], "texture": "#0"},
				"west": {"uv": [6.5, 2, 7.5, 4], "texture": "#0"},
				"up": {"uv": [8, 8, 6.5, 7], "texture": "#0"},
				"down": {"uv": [9, 0, 7.5, 1], "texture": "#0"}
			}
		}
	],
	"display": {
		"thirdperson_righthand": {
			"translation": [0.5, 0.75, 0],
			"scale": [0.5, 0.5, 0.5]
		},
		"thirdperson_lefthand": {
			"translation": [-0.5, 0.75, 0],
			"scale": [0.5, 0.5, 0.5]
		},
		"firstperson_righthand": {
			"translation": [6, -0.75, 0]
		},
		"firstperson_lefthand": {
			"translation": [6, -0.75, 0]
		},
		"ground": {
			"translation": [0, 2.75, 0]
		},
		"gui": {
			"rotation": [22.5, 135, 0],
			"translation": [0, 0.5, 0]
		},
		"head": {
			"translation": [1.75, 14.75, -0.5],
			"scale": [1.81, 1.81, 1.81]
		},
		"fixed": {
			"translation": [0.75, 0, 0]
		}
	}
}