{
	"credit": "Made with Blockbench",
	"texture_size": [128, 128],
	"textures": {
		"2": "camp_cozy_sign"
	},
	"elements": [
		{
			"from": [-10, -0.5, 7],
			"to": [26, 20.5, 9],
			"rotation": {"angle": 0, "axis": "y", "origin": [8, 8, 8]},
			"faces": {
				"north": {"uv": [0, 0, 4.5, 2.625], "texture": "#2"},
				"east": {"uv": [3.5, 5.75, 3.75, 8.375], "texture": "#2"},
				"south": {"uv": [0, 2.625, 4.5, 5.25], "texture": "#2"},
				"west": {"uv": [3.75, 5.75, 4, 8.375], "texture": "#2"},
				"up": {"uv": [10.5, 5.75, 6, 5.5], "texture": "#2"},
				"down": {"uv": [10.5, 5.75, 6, 6], "texture": "#2"}
			}
		},
		{
			"from": [-16, 22.5, 6],
			"to": [32, 24.5, 10],
			"rotation": {"angle": 0, "axis": "y", "origin": [17, 13, 8]},
			"faces": {
				"north": {"uv": [4.5, 4, 10.5, 4.25], "texture": "#2"},
				"east": {"uv": [7.5, 6.375, 8, 6.625], "texture": "#2"},
				"south": {"uv": [4.5, 4.25, 10.5, 4.5], "texture": "#2"},
				"west": {"uv": [7.5, 6.625, 8, 6.875], "texture": "#2"},
				"up": {"uv": [10.5, 0.5, 4.5, 0], "texture": "#2"},
				"down": {"uv": [10.5, 0.5, 4.5, 1], "texture": "#2"}
			}
		},
		{
			"from": [21, 22.5, 8],
			"to": [24, 27.5, 8],
			"rotation": {"angle": 0, "axis": "y", "origin": [22.5, 24, 8]},
			"faces": {
				"north": {"uv": [4, 6.25, 4.375, 6.875], "texture": "#2"},
				"east": {"uv": [0, 0, 0, 0.625], "texture": "#2"},
				"south": {"uv": [4.375, 6.25, 4.75, 6.875], "texture": "#2"},
				"west": {"uv": [0, 0, 0, 0.625], "texture": "#2"},
				"up": {"uv": [0.375, 0, 0, 0], "texture": "#2"},
				"down": {"uv": [0.375, 0, 0, 0], "texture": "#2"}
			}
		},
		{
			"from": [21, -7.5, 6.5],
			"to": [24, -4.5, 9.5],
			"rotation": {"angle": 0, "axis": "y", "origin": [22.5, 24, 8]},
			"faces": {
				"north": {"uv": [6.875, 6, 7.25, 6.375], "texture": "#2"},
				"east": {"uv": [6, 7.125, 6.375, 7.5], "texture": "#2"},
				"south": {"uv": [7.125, 6.375, 7.5, 6.75], "texture": "#2"},
				"west": {"uv": [7.125, 6.75, 7.5, 7.125], "texture": "#2"},
				"up": {"uv": [7.5, 7.5, 7.125, 7.125], "texture": "#2"},
				"down": {"uv": [4.375, 7.25, 4, 7.625], "texture": "#2"}
			}
		},
		{
			"from": [-8, -7.5, 6.5],
			"to": [-5, -4.5, 9.5],
			"rotation": {"angle": 0, "axis": "y", "origin": [-6.5, 24, 8]},
			"faces": {
				"north": {"uv": [4.375, 7.25, 4.75, 7.625], "texture": "#2"},
				"east": {"uv": [4.75, 7.25, 5.125, 7.625], "texture": "#2"},
				"south": {"uv": [5.125, 7.25, 5.5, 7.625], "texture": "#2"},
				"west": {"uv": [7.25, 6, 7.625, 6.375], "texture": "#2"},
				"up": {"uv": [6.75, 7.625, 6.375, 7.25], "texture": "#2"},
				"down": {"uv": [7.125, 7.25, 6.75, 7.625], "texture": "#2"}
			}
		},
		{
			"from": [21, 28.5, 8],
			"to": [24, 31.5, 8],
			"rotation": {"angle": 0, "axis": "y", "origin": [22.5, 24, 8]},
			"faces": {
				"north": {"uv": [4.75, 6.875, 5.125, 7.25], "texture": "#2"},
				"east": {"uv": [0, 0, 0, 0.375], "texture": "#2"},
				"south": {"uv": [5.125, 6.875, 5.5, 7.25], "texture": "#2"},
				"west": {"uv": [0, 0, 0, 0.375], "texture": "#2"},
				"up": {"uv": [0.375, 0, 0, 0], "texture": "#2"},
				"down": {"uv": [0.375, 0, 0, 0], "texture": "#2"}
			}
		},
		{
			"from": [22.5, 25.5, 6.5],
			"to": [22.5, 30.5, 9.5],
			"rotation": {"angle": 0, "axis": "y", "origin": [22.5, 24, 8]},
			"faces": {
				"north": {"uv": [0, 0, 0, 0.625], "texture": "#2"},
				"east": {"uv": [4.75, 6.25, 5.125, 6.875], "texture": "#2"},
				"south": {"uv": [0, 0, 0, 0.625], "texture": "#2"},
				"west": {"uv": [5.125, 6.25, 5.5, 6.875], "texture": "#2"},
				"up": {"uv": [0, 0.375, 0, 0], "texture": "#2"},
				"down": {"uv": [0, 0, 0, 0.375], "texture": "#2"}
			}
		},
		{
			"from": [-8, 22.5, 8],
			"to": [-5, 27.5, 8],
			"rotation": {"angle": 0, "axis": "y", "origin": [22.5, 24, 8]},
			"faces": {
				"north": {"uv": [6.375, 6.625, 6.75, 7.25], "texture": "#2"},
				"east": {"uv": [0, 0, 0, 0.625], "texture": "#2"},
				"south": {"uv": [6.75, 6.625, 7.125, 7.25], "texture": "#2"},
				"west": {"uv": [0, 0, 0, 0.625], "texture": "#2"},
				"up": {"uv": [0.375, 0, 0, 0], "texture": "#2"},
				"down": {"uv": [0.375, 0, 0, 0], "texture": "#2"}
			}
		},
		{
			"from": [-8, 28.5, 8],
			"to": [-5, 31.5, 8],
			"rotation": {"angle": 0, "axis": "y", "origin": [22.5, 24, 8]},
			"faces": {
				"north": {"uv": [4, 6.875, 4.375, 7.25], "texture": "#2"},
				"east": {"uv": [0, 0, 0, 0.375], "texture": "#2"},
				"south": {"uv": [4.375, 6.875, 4.75, 7.25], "texture": "#2"},
				"west": {"uv": [0, 0, 0, 0.375], "texture": "#2"},
				"up": {"uv": [0.375, 0, 0, 0], "texture": "#2"},
				"down": {"uv": [0.375, 0, 0, 0], "texture": "#2"}
			}
		},
		{
			"from": [-6.5, 25.5, 6.5],
			"to": [-6.5, 30.5, 9.5],
			"rotation": {"angle": 0, "axis": "y", "origin": [22.5, 24, 8]},
			"faces": {
				"north": {"uv": [0, 0, 0, 0.625], "texture": "#2"},
				"east": {"uv": [6, 6.5, 6.375, 7.125], "texture": "#2"},
				"south": {"uv": [0, 0, 0, 0.625], "texture": "#2"},
				"west": {"uv": [6.5, 6, 6.875, 6.625], "texture": "#2"},
				"up": {"uv": [0, 0.375, 0, 0], "texture": "#2"},
				"down": {"uv": [0, 0, 0, 0.375], "texture": "#2"}
			}
		},
		{
			"from": [-14, 20.5, 6],
			"to": [30, 22.5, 10],
			"rotation": {"angle": 0, "axis": "y", "origin": [17, 13, 8]},
			"faces": {
				"north": {"uv": [4.5, 5, 10, 5.25], "texture": "#2"},
				"east": {"uv": [7.5, 6.875, 8, 7.125], "texture": "#2"},
				"south": {"uv": [0, 5.25, 5.5, 5.5], "texture": "#2"},
				"west": {"uv": [7.125, 7.5, 7.625, 7.75], "texture": "#2"},
				"up": {"uv": [10, 2.5, 4.5, 2], "texture": "#2"},
				"down": {"uv": [10, 2.5, 4.5, 3], "texture": "#2"}
			}
		},
		{
			"from": [-16, -4.5, 6],
			"to": [32, -2.5, 10],
			"rotation": {"angle": 0, "axis": "y", "origin": [17, -11, 8]},
			"faces": {
				"north": {"uv": [4.5, 4.5, 10.5, 4.75], "texture": "#2"},
				"east": {"uv": [4.5, 7.625, 5, 7.875], "texture": "#2"},
				"south": {"uv": [4.5, 4.75, 10.5, 5], "texture": "#2"},
				"west": {"uv": [5, 7.625, 5.5, 7.875], "texture": "#2"},
				"up": {"uv": [10.5, 1.5, 4.5, 1], "texture": "#2"},
				"down": {"uv": [10.5, 1.5, 4.5, 2], "texture": "#2"}
			}
		},
		{
			"from": [-14, -2.5, 6],
			"to": [30, -0.5, 10],
			"rotation": {"angle": 0, "axis": "y", "origin": [17, -11, 8]},
			"faces": {
				"north": {"uv": [0, 5.5, 5.5, 5.75], "texture": "#2"},
				"east": {"uv": [7.5, 7.125, 8, 7.375], "texture": "#2"},
				"south": {"uv": [5.5, 5.25, 11, 5.5], "texture": "#2"},
				"west": {"uv": [4, 7.625, 4.5, 7.875], "texture": "#2"},
				"up": {"uv": [10, 3.5, 4.5, 3], "texture": "#2"},
				"down": {"uv": [10, 3.5, 4.5, 4], "texture": "#2"}
			}
		},
		{
			"from": [-12, -0.5, 6],
			"to": [-8, 20.5, 10],
			"rotation": {"angle": 0, "axis": "y", "origin": [-10.1, 8, 8]},
			"faces": {
				"north": {"uv": [5.5, 5.5, 6, 8.125], "texture": "#2"},
				"east": {"uv": [0, 5.75, 0.5, 8.375], "texture": "#2"},
				"south": {"uv": [0.5, 5.75, 1, 8.375], "texture": "#2"},
				"west": {"uv": [1, 5.75, 1.5, 8.375], "texture": "#2"},
				"up": {"uv": [4.5, 6.25, 4, 5.75], "texture": "#2"},
				"down": {"uv": [5, 5.75, 4.5, 6.25], "texture": "#2"}
			}
		},
		{
			"from": [24, -0.5, 6],
			"to": [28, 20.5, 10],
			"rotation": {"angle": 0, "axis": "y", "origin": [-1, 13, 8]},
			"faces": {
				"north": {"uv": [1.5, 5.75, 2, 8.375], "texture": "#2"},
				"east": {"uv": [2, 5.75, 2.5, 8.375], "texture": "#2"},
				"south": {"uv": [2.5, 5.75, 3, 8.375], "texture": "#2"},
				"west": {"uv": [3, 5.75, 3.5, 8.375], "texture": "#2"},
				"up": {"uv": [5.5, 6.25, 5, 5.75], "texture": "#2"},
				"down": {"uv": [6.5, 6, 6, 6.5], "texture": "#2"}
			}
		}
	],
	"display": {
		"thirdperson_righthand": {
			"rotation": [0, -94, 0],
			"translation": [-0.25, 2, -0.5],
			"scale": [0.3, 0.3, 0.3]
		},
		"thirdperson_lefthand": {
			"rotation": [0, -94, 0],
			"translation": [-0.25, 2, -0.5],
			"scale": [0.3, 0.3, 0.3]
		},
		"firstperson_righthand": {
			"rotation": [0, -121, 0],
			"translation": [3.5, -5.25, 0],
			"scale": [0.5, 0.5, 0.5]
		},
		"firstperson_lefthand": {
			"rotation": [0, -121, 0],
			"translation": [3.5, -5.25, 0],
			"scale": [0.5, 0.5, 0.5]
		},
		"ground": {
			"translation": [0, 5.75, 0],
			"scale": [0.5, 0.5, 0.5]
		},
		"gui": {
			"rotation": [22.5, 135, 0],
			"translation": [0, -0.5, 0],
			"scale": [0.4, 0.4, 0.4]
		},
		"head": {
			"translation": [0, 31.75, 0],
			"scale": [1.8, 1.8, 1.8]
		},
		"fixed": {
			"translation": [0, -26.25, 16.75],
			"scale": [1.85, 1.85, 1.85]
		}
	}
}