{
	"credit": "Made with Blockbench",
	"texture_size": [64, 64],
	"textures": {
		"1": "campfire_deco",
		"particle": "campfire_deco"
	},
	"elements": [
		{
			"from": [-9, 24, 7.5],
			"to": [25, 26, 9.5],
			"rotation": {"angle": 45, "axis": "x", "origin": [8, 25.5, 8]},
			"faces": {
				"north": {"uv": [4.5, 7, 13, 7.5], "texture": "#1"},
				"east": {"uv": [11, 9.5, 11.5, 10], "texture": "#1"},
				"south": {"uv": [7.5, 0, 16, 0.5], "texture": "#1"},
				"west": {"uv": [11.25, 5.75, 11.75, 6.25], "texture": "#1"},
				"up": {"uv": [16, 1, 7.5, 0.5], "texture": "#1"},
				"down": {"uv": [16, 1, 7.5, 1.5], "texture": "#1"}
			}
		},
		{
			"from": [5.95, 23.95, 7.45],
			"to": [10.05, 26.05, 9.55],
			"rotation": {"angle": 45, "axis": "x", "origin": [8, 25.5, 8]},
			"faces": {
				"north": {"uv": [7.25, 10.75, 8.25, 11.25], "texture": "#1"},
				"east": {"uv": [6.25, 11.25, 6.75, 11.75], "texture": "#1"},
				"south": {"uv": [8.25, 10.75, 9.25, 11.25], "texture": "#1"},
				"west": {"uv": [11.25, 6.25, 11.75, 6.75], "texture": "#1"},
				"up": {"uv": [10.25, 11.25, 9.25, 10.75], "texture": "#1"},
				"down": {"uv": [11.75, 10, 10.75, 10.5], "texture": "#1"}
			}
		},
		{
			"from": [-10, 23.5, 7],
			"to": [-8, 26.5, 10],
			"rotation": {"angle": 45, "axis": "x", "origin": [8, 25.5, 8]},
			"faces": {
				"north": {"uv": [11, 2, 11.5, 2.75], "texture": "#1"},
				"east": {"uv": [10.25, 1.5, 11, 2.25], "texture": "#1"},
				"south": {"uv": [11, 2.75, 11.5, 3.5], "texture": "#1"},
				"west": {"uv": [10.25, 2.25, 11, 3], "texture": "#1"},
				"up": {"uv": [11.5, 4.25, 11, 3.5], "texture": "#1"},
				"down": {"uv": [11.5, 4.25, 11, 5], "texture": "#1"}
			}
		},
		{
			"from": [24, 23.5, 7],
			"to": [26, 26.5, 10],
			"rotation": {"angle": 45, "axis": "x", "origin": [8, 25.5, 8]},
			"faces": {
				"north": {"uv": [5.25, 11, 5.75, 11.75], "texture": "#1"},
				"east": {"uv": [10.25, 3, 11, 3.75], "texture": "#1"},
				"south": {"uv": [5.75, 11, 6.25, 11.75], "texture": "#1"},
				"west": {"uv": [10.25, 3.75, 11, 4.5], "texture": "#1"},
				"up": {"uv": [5, 12, 4.5, 11.25], "texture": "#1"},
				"down": {"uv": [11.75, 5, 11.25, 5.75], "texture": "#1"}
			}
		},
		{
			"from": [17.5, 17, 5.5],
			"to": [21.5, 19, 10.5],
			"rotation": {"angle": 0, "axis": "y", "origin": [16, 2, 0]},
			"faces": {
				"north": {"uv": [10.5, 9, 11.5, 9.5], "texture": "#1"},
				"east": {"uv": [9.25, 6.25, 10.5, 6.75], "texture": "#1"},
				"south": {"uv": [6.25, 10.75, 7.25, 11.25], "texture": "#1"},
				"west": {"uv": [9.75, 9.5, 11, 10], "texture": "#1"},
				"up": {"uv": [10.25, 2.75, 9.25, 1.5], "texture": "#1"},
				"down": {"uv": [10.25, 2.75, 9.25, 4], "texture": "#1"}
			}
		},
		{
			"from": [-5.5, 17, 5.5],
			"to": [-1.5, 19, 10.5],
			"rotation": {"angle": 0, "axis": "y", "origin": [0, 2, 0]},
			"faces": {
				"north": {"uv": [10.25, 10.75, 11.25, 11.25], "texture": "#1"},
				"east": {"uv": [10, 5.25, 11.25, 5.75], "texture": "#1"},
				"south": {"uv": [11, 1.5, 12, 2], "texture": "#1"},
				"west": {"uv": [10, 5.75, 11.25, 6.25], "texture": "#1"},
				"up": {"uv": [10.25, 5.25, 9.25, 4], "texture": "#1"},
				"down": {"uv": [5.5, 9.25, 4.5, 10.5], "texture": "#1"}
			}
		},
		{
			"from": [18.01, -1.99, 4.01],
			"to": [20.99, 25.99, 6.99],
			"rotation": {"angle": 22.5, "axis": "x", "origin": [20, 12, 5]},
			"faces": {
				"north": {"uv": [0, 0, 0.75, 7], "texture": "#1"},
				"east": {"uv": [0.75, 0, 1.5, 7], "texture": "#1"},
				"south": {"uv": [1.5, 0, 2.25, 7], "texture": "#1"},
				"west": {"uv": [2.25, 0, 3, 7], "texture": "#1"},
				"up": {"uv": [7, 10.75, 6.25, 10], "texture": "#1"},
				"down": {"uv": [7.75, 10, 7, 10.75], "texture": "#1"}
			}
		},
		{
			"from": [18, -2, 9],
			"to": [21, 26, 12],
			"rotation": {"angle": -22.5, "axis": "x", "origin": [20, 12, 11]},
			"faces": {
				"north": {"uv": [3, 0, 3.75, 7], "texture": "#1"},
				"east": {"uv": [3.75, 0, 4.5, 7], "texture": "#1"},
				"south": {"uv": [4.5, 0, 5.25, 7], "texture": "#1"},
				"west": {"uv": [5.25, 0, 6, 7], "texture": "#1"},
				"up": {"uv": [11, 5.25, 10.25, 4.5], "texture": "#1"},
				"down": {"uv": [6.25, 10.25, 5.5, 11], "texture": "#1"}
			}
		},
		{
			"from": [-5, -2, 9],
			"to": [-2, 26, 12],
			"rotation": {"angle": -22.5, "axis": "x", "origin": [-4, 12, 11]},
			"faces": {
				"north": {"uv": [1.5, 7, 2.25, 14], "texture": "#1"},
				"east": {"uv": [2.25, 7, 3, 14], "texture": "#1"},
				"south": {"uv": [3, 7, 3.75, 14], "texture": "#1"},
				"west": {"uv": [3.75, 7, 4.5, 14], "texture": "#1"},
				"up": {"uv": [11.25, 8.25, 10.5, 7.5], "texture": "#1"},
				"down": {"uv": [11.25, 8.25, 10.5, 9], "texture": "#1"}
			}
		},
		{
			"from": [-4.99, -1.99, 4.01],
			"to": [-2.01, 25.99, 6.99],
			"rotation": {"angle": 22.5, "axis": "x", "origin": [-4, 12, 5]},
			"faces": {
				"north": {"uv": [6, 0, 6.75, 7], "texture": "#1"},
				"east": {"uv": [6.75, 0, 7.5, 7], "texture": "#1"},
				"south": {"uv": [0, 7, 0.75, 14], "texture": "#1"},
				"west": {"uv": [0.75, 7, 1.5, 14], "texture": "#1"},
				"up": {"uv": [5.25, 11.25, 4.5, 10.5], "texture": "#1"},
				"down": {"uv": [11.25, 6.25, 10.5, 7], "texture": "#1"}
			}
		},
		{
			"from": [4.3636, 14.5, 4.3636],
			"to": [11.3636, 19.5, 11.3636],
			"rotation": {"angle": 0, "axis": "y", "origin": [9.3636, 19.5, 6]},
			"faces": {
				"north": {"uv": [6.25, 7.5, 8, 8.75], "texture": "#1"},
				"east": {"uv": [8, 7.5, 9.75, 8.75], "texture": "#1"},
				"south": {"uv": [6.25, 8.75, 8, 10], "texture": "#1"},
				"west": {"uv": [8, 8.75, 9.75, 10], "texture": "#1"},
				"up": {"uv": [9.25, 3.25, 7.5, 1.5], "texture": "#1"},
				"down": {"uv": [9.25, 3.25, 7.5, 5], "texture": "#1"}
			}
		},
		{
			"from": [6.3636, 19.5, 6.3636],
			"to": [9.3636, 20.5, 9.3636],
			"rotation": {"angle": 0, "axis": "y", "origin": [9.3636, 19.5, 6]},
			"faces": {
				"north": {"uv": [7.5, 6.75, 8.25, 7], "texture": "#1"},
				"east": {"uv": [8.25, 6.75, 9, 7], "texture": "#1"},
				"south": {"uv": [9, 6.75, 9.75, 7], "texture": "#1"},
				"west": {"uv": [9.75, 6.75, 10.5, 7], "texture": "#1"},
				"up": {"uv": [10, 10.75, 9.25, 10], "texture": "#1"},
				"down": {"uv": [10.75, 10, 10, 10.75], "texture": "#1"}
			}
		},
		{
			"from": [7.8636, 19.5, 4.3636],
			"to": [7.8636, 26.5, 11.3636],
			"rotation": {"angle": 0, "axis": "y", "origin": [9.3636, 19.5, 6]},
			"faces": {
				"north": {"uv": [0, 0, 0, 1.75], "texture": "#1"},
				"east": {"uv": [4.5, 7.5, 6.25, 9.25], "texture": "#1"},
				"south": {"uv": [0, 0, 0, 1.75], "texture": "#1"},
				"west": {"uv": [7.5, 5, 9.25, 6.75], "texture": "#1"},
				"up": {"uv": [0, 1.75, 0, 0], "texture": "#1"},
				"down": {"uv": [0, 0, 0, 1.75], "texture": "#1"}
			}
		},
		{
			"from": [6.3636, 17.59645, 1.96091],
			"to": [9.3636, 21.59645, 4.96091],
			"rotation": {"angle": -45, "axis": "x", "origin": [9.3636, 19.5, 6]},
			"faces": {
				"north": {"uv": [9.25, 5.25, 10, 6.25], "texture": "#1"},
				"east": {"uv": [5.5, 9.25, 6.25, 10.25], "texture": "#1"},
				"south": {"uv": [9.75, 7.5, 10.5, 8.5], "texture": "#1"},
				"west": {"uv": [9.75, 8.5, 10.5, 9.5], "texture": "#1"},
				"up": {"uv": [8.5, 10.75, 7.75, 10], "texture": "#1"},
				"down": {"uv": [9.25, 10, 8.5, 10.75], "texture": "#1"}
			}
		}
	],
	"display": {
		"thirdperson_righthand": {
			"scale": [0.3, 0.3, 0.3]
		},
		"thirdperson_lefthand": {
			"scale": [0.3, 0.3, 0.3]
		},
		"firstperson_righthand": {
			"translation": [4.75, -1, 0],
			"scale": [0.3, 0.3, 0.3]
		},
		"firstperson_lefthand": {
			"translation": [4.75, -1, 0],
			"scale": [0.3, 0.3, 0.3]
		},
		"ground": {
			"scale": [0.5, 0.5, 0.5]
		},
		"head": {
			"translation": [0, -28.75, 0],
			"scale": [1.8, 1.8, 1.8]
		},
		"fixed": {
			"translation": [0, -0.5, 16.5],
			"scale": [1.85, 1.85, 1.85]
		}
	}
}