{
	"credit": "Made with Blockbench",
	"texture_size": [32, 32],
	"textures": {
		"0": "deer_antlers",
		"particle": "deer_antlers"
	},
	"elements": [
		{
			"from": [3.74496, 2.24646, 6.495],
			"to": [6.74496, 5.24646, 9.495],
			"rotation": {"angle": -22.5, "axis": "z", "origin": [8, 8, 8]},
			"faces": {
				"north": {"uv": [1, 2.5, 2.5, 4], "texture": "#0"},
				"east": {"uv": [2.5, 2.5, 4, 4], "texture": "#0"},
				"south": {"uv": [3, 0, 4.5, 1.5], "texture": "#0"},
				"west": {"uv": [1, 4, 2.5, 5.5], "texture": "#0"},
				"up": {"uv": [5.5, 3, 4, 1.5], "texture": "#0"},
				"down": {"uv": [4, 4, 2.5, 5.5], "texture": "#0"}
			}
		},
		{
			"from": [1.71906, 7.62238, 6.995],
			"to": [3.71906, 11.62238, 8.995],
			"rotation": {"angle": 22.5, "axis": "z", "origin": [8, 8, 8]},
			"faces": {
				"north": {"uv": [5.5, 5, 6.5, 7], "texture": "#0"},
				"east": {"uv": [4, 6, 5, 8], "texture": "#0"},
				"south": {"uv": [6.5, 3, 7.5, 5], "texture": "#0"},
				"west": {"uv": [6.5, 5, 7.5, 7], "texture": "#0"},
				"up": {"uv": [4, 2.5, 3, 1.5], "texture": "#0"},
				"down": {"uv": [7, 0, 6, 1], "texture": "#0"}
			}
		},
		{
			"from": [4.85527, 3.39221, 7.505],
			"to": [6.83527, 7.37221, 8.485],
			"rotation": {"angle": -45, "axis": "z", "origin": [8, 8, 8]},
			"faces": {
				"north": {"uv": [3, 5.5, 4, 7.5], "texture": "#0"},
				"east": {"uv": [7.5, 6.5, 8, 8.5], "texture": "#0"},
				"south": {"uv": [5.5, 3, 6.5, 5], "texture": "#0"},
				"west": {"uv": [8, 0, 8.5, 2], "texture": "#0"},
				"up": {"uv": [9, 4.5, 8, 4], "texture": "#0"},
				"down": {"uv": [9.5, 0, 8.5, 0.5], "texture": "#0"}
			}
		},
		{
			"from": [0.9973, 6.12011, 7.495],
			"to": [3.0173, 11.14011, 8.515],
			"rotation": {"angle": -22.5, "axis": "z", "origin": [8, 8, 8]},
			"faces": {
				"north": {"uv": [0, 0, 1, 2.5], "texture": "#0"},
				"east": {"uv": [7, 7, 7.5, 9.5], "texture": "#0"},
				"south": {"uv": [1, 0, 2, 2.5], "texture": "#0"},
				"west": {"uv": [7.5, 2, 8, 4.5], "texture": "#0"},
				"up": {"uv": [1, 5.5, 0, 5], "texture": "#0"},
				"down": {"uv": [7, 1, 6, 1.5], "texture": "#0"}
			}
		},
		{
			"from": [2.14527, 2.08221, 7.495],
			"to": [6.14527, 3.08221, 8.495],
			"rotation": {"angle": -45, "axis": "z", "origin": [8, 8, 8]},
			"faces": {
				"north": {"uv": [7.5, 4.5, 9.5, 5], "texture": "#0"},
				"east": {"uv": [5, 6, 5.5, 6.5], "texture": "#0"},
				"south": {"uv": [7.5, 5, 9.5, 5.5], "texture": "#0"},
				"west": {"uv": [5, 6.5, 5.5, 7], "texture": "#0"},
				"up": {"uv": [9.5, 6, 7.5, 5.5], "texture": "#0"},
				"down": {"uv": [9.5, 6, 7.5, 6.5], "texture": "#0"}
			}
		},
		{
			"from": [9.25504, 2.24646, 6.495],
			"to": [12.25504, 5.24646, 9.495],
			"rotation": {"angle": 22.5, "axis": "z", "origin": [8, 8, 8]},
			"faces": {
				"north": {"uv": [4, 3, 5.5, 4.5], "texture": "#0"},
				"east": {"uv": [4.5, 0, 6, 1.5], "texture": "#0"},
				"south": {"uv": [4, 4.5, 5.5, 6], "texture": "#0"},
				"west": {"uv": [0, 5.5, 1.5, 7], "texture": "#0"},
				"up": {"uv": [3, 7, 1.5, 5.5], "texture": "#0"},
				"down": {"uv": [7, 1.5, 5.5, 3], "texture": "#0"}
			}
		},
		{
			"from": [12.28094, 7.62238, 6.995],
			"to": [14.28094, 11.62238, 8.995],
			"rotation": {"angle": -22.5, "axis": "z", "origin": [8, 8, 8]},
			"faces": {
				"north": {"uv": [1, 7, 2, 9], "texture": "#0"},
				"east": {"uv": [2, 7, 3, 9], "texture": "#0"},
				"south": {"uv": [5, 7, 6, 9], "texture": "#0"},
				"west": {"uv": [6, 7, 7, 9], "texture": "#0"},
				"up": {"uv": [9, 7.5, 8, 6.5], "texture": "#0"},
				"down": {"uv": [9, 7.5, 8, 8.5], "texture": "#0"}
			}
		},
		{
			"from": [12.9827, 6.12011, 7.495],
			"to": [15.0027, 11.14011, 8.515],
			"rotation": {"angle": 22.5, "axis": "z", "origin": [8, 8, 8]},
			"faces": {
				"north": {"uv": [2, 0, 3, 2.5], "texture": "#0"},
				"east": {"uv": [3, 7.5, 3.5, 10], "texture": "#0"},
				"south": {"uv": [0, 2.5, 1, 5], "texture": "#0"},
				"west": {"uv": [3.5, 7.5, 4, 10], "texture": "#0"},
				"up": {"uv": [9.5, 2, 8.5, 1.5], "texture": "#0"},
				"down": {"uv": [8.5, 8.5, 7.5, 9], "texture": "#0"}
			}
		},
		{
			"from": [9.16473, 3.39221, 7.505],
			"to": [11.14473, 7.37221, 8.485],
			"rotation": {"angle": 45, "axis": "z", "origin": [8, 8, 8]},
			"faces": {
				"north": {"uv": [0, 7, 1, 9], "texture": "#0"},
				"east": {"uv": [4, 8, 4.5, 10], "texture": "#0"},
				"south": {"uv": [7, 0, 8, 2], "texture": "#0"},
				"west": {"uv": [4.5, 8, 5, 10], "texture": "#0"},
				"up": {"uv": [9.5, 1, 8.5, 0.5], "texture": "#0"},
				"down": {"uv": [9.5, 1, 8.5, 1.5], "texture": "#0"}
			}
		},
		{
			"from": [9.85473, 2.08221, 7.495],
			"to": [13.85473, 3.08221, 8.495],
			"rotation": {"angle": 45, "axis": "z", "origin": [8, 8, 8]},
			"faces": {
				"north": {"uv": [8, 2, 10, 2.5], "texture": "#0"},
				"east": {"uv": [7, 2, 7.5, 2.5], "texture": "#0"},
				"south": {"uv": [8, 2.5, 10, 3], "texture": "#0"},
				"west": {"uv": [7, 2.5, 7.5, 3], "texture": "#0"},
				"up": {"uv": [10, 3.5, 8, 3], "texture": "#0"},
				"down": {"uv": [10, 3.5, 8, 4], "texture": "#0"}
			}
		}
	],
	"display": {
		"thirdperson_righthand": {
			"rotation": [0, 96, 0],
			"translation": [0, 2.25, 1.5],
			"scale": [0.5, 0.5, 0.5]
		},
		"thirdperson_lefthand": {
			"rotation": [0, 96, 0],
			"translation": [0, 2.25, 1.5],
			"scale": [0.5, 0.5, 0.5]
		},
		"firstperson_righthand": {
			"rotation": [0, 72, 0],
			"translation": [7, -1.25, 0]
		},
		"firstperson_lefthand": {
			"rotation": [0, 72, 0],
			"translation": [7.25, -1.25, 0]
		},
		"gui": {
			"rotation": [22.5, -45, 0]
		},
		"head": {
			"rotation": [1, 0, 0],
			"translation": [0, 8, 0.5],
			"scale": [1.81, 1.81, 1.81]
		}
	}
}