{
	"credit": "Made with Blockbench",
	"texture_size": [32, 32],
	"textures": {
		"0": "green_bandana",
		"particle": "green_bandana"
	},
	"elements": [
		{
			"from": [4, 6.5, 12],
			"to": [12, 9.5, 12],
			"rotation": {"angle": 0, "axis": "y", "origin": [-1, 6.5, 4]},
			"faces": {
				"north": {"uv": [4, 8, 8, 9.5], "texture": "#0"},
				"east": {"uv": [8, 4.5, 12, 6], "texture": "#0"},
				"south": {"uv": [8, 6, 12, 7.5], "texture": "#0"},
				"west": {"uv": [8, 7.5, 12, 9], "texture": "#0"},
				"up": {"uv": [8, 4, 4, 0], "texture": "#0"},
				"down": {"uv": [8, 4, 4, 8], "texture": "#0"}
			}
		},
		{
			"from": [4, 6.5, 4],
			"to": [4, 9.5, 12],
			"rotation": {"angle": 0, "axis": "y", "origin": [-1, 6.5, 4]},
			"faces": {
				"north": {"uv": [4, 8, 8, 9.5], "texture": "#0"},
				"east": {"uv": [8, 4.5, 12, 6], "texture": "#0"},
				"south": {"uv": [8, 6, 12, 7.5], "texture": "#0"},
				"west": {"uv": [8, 7.5, 12, 9], "texture": "#0"},
				"up": {"uv": [8, 4, 4, 0], "texture": "#0"},
				"down": {"uv": [8, 4, 4, 8], "texture": "#0"}
			}
		},
		{
			"from": [12, 6.5, 4],
			"to": [12, 9.5, 12],
			"rotation": {"angle": 0, "axis": "y", "origin": [-1, 6.5, 4]},
			"faces": {
				"north": {"uv": [4, 8, 8, 9.5], "texture": "#0"},
				"east": {"uv": [8, 4.5, 12, 6], "texture": "#0"},
				"south": {"uv": [8, 6, 12, 7.5], "texture": "#0"},
				"west": {"uv": [8, 7.5, 12, 9], "texture": "#0"},
				"up": {"uv": [8, 4, 4, 0], "texture": "#0"},
				"down": {"uv": [8, 4, 4, 8], "texture": "#0"}
			}
		},
		{
			"from": [4, 6.5, 4],
			"to": [12, 9.5, 4],
			"rotation": {"angle": 0, "axis": "y", "origin": [-1, 6.5, 4]},
			"faces": {
				"north": {"uv": [4, 8, 8, 9.5], "texture": "#0"},
				"east": {"uv": [8, 4.5, 12, 6], "texture": "#0"},
				"south": {"uv": [8, 6, 12, 7.5], "texture": "#0"},
				"west": {"uv": [8, 7.5, 12, 9], "texture": "#0"},
				"up": {"uv": [8, 4, 4, 0], "texture": "#0"},
				"down": {"uv": [8, 4, 4, 8], "texture": "#0"}
			}
		},
		{
			"from": [6, 6.1, 12.1],
			"to": [8, 9.1, 13.1],
			"rotation": {"angle": -22.5, "axis": "z", "origin": [7, 7.6, 12.6]},
			"faces": {
				"north": {"uv": [0, 9.5, 1, 11], "texture": "#0"},
				"east": {"uv": [2.5, 10.5, 3, 12], "texture": "#0"},
				"south": {"uv": [1, 9.5, 2, 11], "texture": "#0"},
				"west": {"uv": [3, 10.5, 3.5, 12], "texture": "#0"},
				"up": {"uv": [4.5, 11, 3.5, 10.5], "texture": "#0"},
				"down": {"uv": [5.5, 10.5, 4.5, 11], "texture": "#0"}
			}
		},
		{
			"from": [8, 5.1, 12.1],
			"to": [10, 9.1, 13.1],
			"rotation": {"angle": 22.5, "axis": "z", "origin": [9, 7.6, 12.6]},
			"faces": {
				"north": {"uv": [8, 9, 9, 11], "texture": "#0"},
				"east": {"uv": [10, 9, 10.5, 11], "texture": "#0"},
				"south": {"uv": [9, 9, 10, 11], "texture": "#0"},
				"west": {"uv": [2, 10.5, 2.5, 12.5], "texture": "#0"},
				"up": {"uv": [6.5, 11, 5.5, 10.5], "texture": "#0"},
				"down": {"uv": [7.5, 10.5, 6.5, 11], "texture": "#0"}
			}
		},
		{
			"from": [7, 8.1, 12.1],
			"to": [9, 10.1, 14.1],
			"rotation": {"angle": -22.5, "axis": "x", "origin": [8, 8.1, 13.1]},
			"faces": {
				"north": {"uv": [2, 9.5, 3, 10.5], "texture": "#0"},
				"east": {"uv": [3, 9.5, 4, 10.5], "texture": "#0"},
				"south": {"uv": [4, 9.5, 5, 10.5], "texture": "#0"},
				"west": {"uv": [5, 9.5, 6, 10.5], "texture": "#0"},
				"up": {"uv": [7, 10.5, 6, 9.5], "texture": "#0"},
				"down": {"uv": [8, 9.5, 7, 10.5], "texture": "#0"}
			}
		}
	],
	"display": {
		"thirdperson_righthand": {
			"scale": [0.5, 0.5, 0.5]
		},
		"thirdperson_lefthand": {
			"scale": [0.5, 0.5, 0.5]
		},
		"firstperson_righthand": {
			"translation": [5.75, -1.75, 0]
		},
		"firstperson_lefthand": {
			"translation": [5.75, -1.75, 0]
		},
		"gui": {
			"rotation": [22.5, 135, 0]
		},
		"head": {
			"translation": [0, 2.25, 0],
			"scale": [1.85, 1.85, 1.85]
		}
	}
}