{
	"credit": "Made with Blockbench",
	"texture_size": [32, 32],
	"textures": {
		"2": "hedgehog_hat"
	},
	"elements": [
		{
			"from": [5.5, 7.5, 7.5],
			"to": [10.5, 11.5, 12.5],
			"rotation": {"angle": 0, "axis": "y", "origin": [8, 8, 8]},
			"faces": {
				"north": {"uv": [2.5, 0, 5, 2], "texture": "#2"},
				"east": {"uv": [2.5, 2, 5, 4], "texture": "#2"},
				"south": {"uv": [2.5, 4, 5, 6], "texture": "#2"},
				"west": {"uv": [0, 5, 2.5, 7], "texture": "#2"},
				"up": {"uv": [2.5, 2.5, 0, 0], "texture": "#2"},
				"down": {"uv": [2.5, 2.5, 0, 5], "texture": "#2"}
			}
		},
		{
			"from": [9.5, 11, 7.5],
			"to": [9.5, 12, 12.5],
			"rotation": {"angle": -22.5, "axis": "z", "origin": [9.5, 11.5, 10]},
			"faces": {
				"north": {"uv": [0, 0, 0, 0.5], "texture": "#2"},
				"east": {"uv": [6.5, 1.5, 9, 2], "texture": "#2"},
				"south": {"uv": [0, 0, 0, 0.5], "texture": "#2"},
				"west": {"uv": [6.5, 2, 9, 2.5], "texture": "#2"},
				"up": {"uv": [0, 2.5, 0, 0], "texture": "#2"},
				"down": {"uv": [0, 0, 0, 2.5], "texture": "#2"}
			}
		},
		{
			"from": [6.5, 11, 7.5],
			"to": [6.5, 12, 12.5],
			"rotation": {"angle": 22.5, "axis": "z", "origin": [6.5, 11.5, 10]},
			"faces": {
				"north": {"uv": [0, 0, 0, 0.5], "texture": "#2"},
				"east": {"uv": [9, 2, 6.5, 2.5], "texture": "#2"},
				"south": {"uv": [0, 0, 0, 0.5], "texture": "#2"},
				"west": {"uv": [9, 1.5, 6.5, 2], "texture": "#2"},
				"up": {"uv": [0, 2.5, 0, 0], "texture": "#2"},
				"down": {"uv": [0, 0, 0, 2.5], "texture": "#2"}
			}
		},
		{
			"from": [9, 9.4, 6],
			"to": [9, 10.4, 11],
			"rotation": {"angle": 0, "axis": "y", "origin": [6.5, 11.5, 10]},
			"faces": {
				"north": {"uv": [0, 0, 0, 0.5], "texture": "#2"},
				"east": {"uv": [6.5, 2.5, 9, 3], "texture": "#2"},
				"south": {"uv": [0, 0, 0, 0.5], "texture": "#2"},
				"west": {"uv": [6.5, 3, 9, 3.5], "texture": "#2"},
				"up": {"uv": [0, 2.5, 0, 0], "texture": "#2"},
				"down": {"uv": [0, 0, 0, 2.5], "texture": "#2"}
			}
		},
		{
			"from": [7, 9.4, 6],
			"to": [7, 10.4, 11],
			"rotation": {"angle": 0, "axis": "y", "origin": [6.5, 11.5, 10]},
			"faces": {
				"north": {"uv": [0, 0, 0, 0.5], "texture": "#2"},
				"east": {"uv": [6.5, 2.5, 9, 3], "texture": "#2"},
				"south": {"uv": [0, 0, 0, 0.5], "texture": "#2"},
				"west": {"uv": [6.5, 3, 9, 3.5], "texture": "#2"},
				"up": {"uv": [0, 2.5, 0, 0], "texture": "#2"},
				"down": {"uv": [0, 0, 0, 2.5], "texture": "#2"}
			}
		},
		{
			"from": [8, 11, 7.5],
			"to": [8, 12, 12.5],
			"rotation": {"angle": 0, "axis": "y", "origin": [6.5, 11.5, 10]},
			"faces": {
				"north": {"uv": [0, 0, 0, 0.5], "texture": "#2"},
				"east": {"uv": [6.5, 2.5, 9, 3], "texture": "#2"},
				"south": {"uv": [0, 0, 0, 0.5], "texture": "#2"},
				"west": {"uv": [6.5, 3, 9, 3.5], "texture": "#2"},
				"up": {"uv": [0, 2.5, 0, 0], "texture": "#2"},
				"down": {"uv": [0, 0, 0, 2.5], "texture": "#2"}
			}
		},
		{
			"from": [5, 10.5, 7.5],
			"to": [6, 10.5, 12.5],
			"rotation": {"angle": 0, "axis": "y", "origin": [8, 8, 8]},
			"faces": {
				"north": {"uv": [0, 0, 0.5, 0], "texture": "#2"},
				"east": {"uv": [0, 0, 2.5, 0], "texture": "#2"},
				"south": {"uv": [0, 0, 0.5, 0], "texture": "#2"},
				"west": {"uv": [0, 0, 2.5, 0], "texture": "#2"},
				"up": {"uv": [7, 6, 6.5, 3.5], "texture": "#2"},
				"down": {"uv": [5, 6.5, 4.5, 9], "texture": "#2"}
			}
		},
		{
			"from": [10, 10.5, 7.5],
			"to": [11, 10.5, 12.5],
			"rotation": {"angle": 0, "axis": "y", "origin": [8, 8, 8]},
			"faces": {
				"north": {"uv": [0, 0, 0.5, 0], "texture": "#2"},
				"east": {"uv": [0, 0, 2.5, 0], "texture": "#2"},
				"south": {"uv": [0, 0, 0.5, 0], "texture": "#2"},
				"west": {"uv": [0, 0, 2.5, 0], "texture": "#2"},
				"up": {"uv": [5.5, 9, 5, 6.5], "texture": "#2"},
				"down": {"uv": [6, 6.5, 5.5, 9], "texture": "#2"}
			}
		},
		{
			"from": [10, 8.5, 7.5],
			"to": [11, 8.5, 12.5],
			"rotation": {"angle": 0, "axis": "y", "origin": [8, 8, 8]},
			"faces": {
				"north": {"uv": [0, 0, 0.5, 0], "texture": "#2"},
				"east": {"uv": [0, 0, 2.5, 0], "texture": "#2"},
				"south": {"uv": [0, 0, 0.5, 0], "texture": "#2"},
				"west": {"uv": [0, 0, 2.5, 0], "texture": "#2"},
				"up": {"uv": [3, 8.5, 2.5, 6], "texture": "#2"},
				"down": {"uv": [3.5, 6, 3, 8.5], "texture": "#2"}
			}
		},
		{
			"from": [5, 8.5, 7.5],
			"to": [6, 8.5, 12.5],
			"rotation": {"angle": 0, "axis": "y", "origin": [8, 8, 8]},
			"faces": {
				"north": {"uv": [0, 0, 0.5, 0], "texture": "#2"},
				"east": {"uv": [0, 0, 2.5, 0], "texture": "#2"},
				"south": {"uv": [0, 0, 0.5, 0], "texture": "#2"},
				"west": {"uv": [0, 0, 2.5, 0], "texture": "#2"},
				"up": {"uv": [4, 8.5, 3.5, 6], "texture": "#2"},
				"down": {"uv": [4.5, 6, 4, 8.5], "texture": "#2"}
			}
		},
		{
			"from": [5, 6.5, 8.5],
			"to": [10, 7.5, 8.5],
			"rotation": {"angle": 0, "axis": "y", "origin": [8, 8, 8]},
			"faces": {
				"north": {"uv": [4.5, 6, 7, 6.5], "texture": "#2"},
				"east": {"uv": [0, 0, 0, 0.5], "texture": "#2"},
				"south": {"uv": [6.5, 0, 9, 0.5], "texture": "#2"},
				"west": {"uv": [0, 0, 0, 0.5], "texture": "#2"},
				"up": {"uv": [2.5, 0, 0, 0], "texture": "#2"},
				"down": {"uv": [2.5, 0, 0, 0], "texture": "#2"}
			}
		},
		{
			"from": [5, 6.5, 11.5],
			"to": [10, 7.5, 11.5],
			"rotation": {"angle": 0, "axis": "y", "origin": [8, 8, 8]},
			"faces": {
				"north": {"uv": [6.5, 0.5, 9, 1], "texture": "#2"},
				"east": {"uv": [0, 0, 0, 0.5], "texture": "#2"},
				"south": {"uv": [6.5, 1, 9, 1.5], "texture": "#2"},
				"west": {"uv": [0, 0, 0, 0.5], "texture": "#2"},
				"up": {"uv": [2.5, 0, 0, 0], "texture": "#2"},
				"down": {"uv": [2.5, 0, 0, 0], "texture": "#2"}
			}
		},
		{
			"from": [6.5, 7.5, 5.5],
			"to": [9.5, 9.5, 7.5],
			"rotation": {"angle": 0, "axis": "y", "origin": [8, 8, 8]},
			"faces": {
				"north": {"uv": [5, 0, 6.5, 1], "texture": "#2"},
				"east": {"uv": [6, 6.5, 7, 7.5], "texture": "#2"},
				"south": {"uv": [5, 1, 6.5, 2], "texture": "#2"},
				"west": {"uv": [0, 7, 1, 8], "texture": "#2"},
				"up": {"uv": [6.5, 3, 5, 2], "texture": "#2"},
				"down": {"uv": [6.5, 3, 5, 4], "texture": "#2"}
			}
		},
		{
			"from": [6.45, 8.85, 5.45],
			"to": [9.55, 9.95, 7.55],
			"rotation": {"angle": 0, "axis": "y", "origin": [8, 8, 8]},
			"faces": {
				"north": {"uv": [1, 7, 2.5, 7.5], "texture": "#2"},
				"east": {"uv": [7, 4, 8, 4.5], "texture": "#2"},
				"south": {"uv": [7, 3.5, 8.5, 4], "texture": "#2"},
				"west": {"uv": [7, 4.5, 8, 5], "texture": "#2"},
				"up": {"uv": [6.5, 5, 5, 4], "texture": "#2"},
				"down": {"uv": [6.5, 5, 5, 6], "texture": "#2"}
			}
		},
		{
			"from": [8, 8, 4.5],
			"to": [8, 9, 5.5],
			"rotation": {"angle": 0, "axis": "y", "origin": [8, 8, 8]},
			"faces": {
				"north": {"uv": [0, 0, 0, 0.5], "texture": "#2"},
				"east": {"uv": [7, 5, 7.5, 5.5], "texture": "#2"},
				"south": {"uv": [0, 0, 0, 0.5], "texture": "#2"},
				"west": {"uv": [7, 5.5, 7.5, 6], "texture": "#2"},
				"up": {"uv": [0, 0.5, 0, 0], "texture": "#2"},
				"down": {"uv": [0, 0, 0, 0.5], "texture": "#2"}
			}
		},
		{
			"from": [8, 8, 12.5],
			"to": [8, 9, 13.5],
			"rotation": {"angle": 0, "axis": "y", "origin": [8, 8, 8]},
			"faces": {
				"north": {"uv": [0, 0, 0, 0.5], "texture": "#2"},
				"east": {"uv": [7, 5, 7.5, 5.5], "texture": "#2"},
				"south": {"uv": [0, 0, 0, 0.5], "texture": "#2"},
				"west": {"uv": [7, 5.5, 7.5, 6], "texture": "#2"},
				"up": {"uv": [0, 0.5, 0, 0], "texture": "#2"},
				"down": {"uv": [0, 0, 0, 0.5], "texture": "#2"}
			}
		}
	],
	"display": {
		"gui": {
			"rotation": [22.5, 135, 0],
			"translation": [-1.5, -3, 0],
			"scale": [1.4, 1.4, 1.4]
		},
		"head": {
			"translation": [0, 8.5, -2.5],
			"scale": [1.8, 1.8, 1.8]
		},
		"fixed": {
			"translation": [0, -2.25, -6],
			"scale": [1.8, 1.8, 1.8]
		}
	}
}