{
	"credit": "Made with Blockbench",
	"texture_size": [64, 64],
	"textures": {
		"2": "log_hat"
	},
	"elements": [
		{
			"from": [4, 7.5, 12],
			"to": [12, 22.5, 12],
			"rotation": {"angle": 0, "axis": "y", "origin": [4, 7.5, 4]},
			"faces": {
				"north": {"uv": [0, 0, 2, 3.75], "texture": "#2"},
				"east": {"uv": [0, 0, 0, 3.75], "texture": "#2"},
				"south": {"uv": [2, 0, 4, 3.75], "texture": "#2"},
				"west": {"uv": [0, 0, 0, 3.75], "texture": "#2"},
				"up": {"uv": [2, 0, 0, 0], "texture": "#2"},
				"down": {"uv": [2, 0, 0, 0], "texture": "#2"}
			}
		},
		{
			"from": [4, 7.5, 4],
			"to": [12, 22.5, 4],
			"rotation": {"angle": 0, "axis": "y", "origin": [4, 7.5, 4]},
			"faces": {
				"north": {"uv": [0, 7.5, 2, 11.25], "texture": "#2"},
				"east": {"uv": [0, 0, 0, 3.75], "texture": "#2"},
				"south": {"uv": [2, 7.5, 4, 11.25], "texture": "#2"},
				"west": {"uv": [0, 0, 0, 3.75], "texture": "#2"},
				"up": {"uv": [2, 0, 0, 0], "texture": "#2"},
				"down": {"uv": [2, 0, 0, 0], "texture": "#2"}
			}
		},
		{
			"from": [12, 7.5, 4],
			"to": [12, 22.5, 12],
			"rotation": {"angle": 0, "axis": "y", "origin": [4, 7.5, 4]},
			"faces": {
				"north": {"uv": [0, 0, 0, 3.75], "texture": "#2"},
				"east": {"uv": [6, 0, 8, 3.75], "texture": "#2"},
				"south": {"uv": [0, 0, 0, 3.75], "texture": "#2"},
				"west": {"uv": [6, 3.75, 8, 7.5], "texture": "#2"},
				"up": {"uv": [0, 2, 0, 0], "texture": "#2"},
				"down": {"uv": [0, 0, 0, 2], "texture": "#2"}
			}
		},
		{
			"from": [4, 7.5, 4],
			"to": [4, 22.5, 12],
			"rotation": {"angle": 0, "axis": "y", "origin": [4, 7.5, 4]},
			"faces": {
				"north": {"uv": [0, 0, 0, 3.75], "texture": "#2"},
				"east": {"uv": [4, 0, 6, 3.75], "texture": "#2"},
				"south": {"uv": [0, 0, 0, 3.75], "texture": "#2"},
				"west": {"uv": [4, 3.75, 6, 7.5], "texture": "#2"},
				"up": {"uv": [0, 2, 0, 0], "texture": "#2"},
				"down": {"uv": [0, 0, 0, 2], "texture": "#2"}
			}
		},
		{
			"from": [5, 9.5, 5],
			"to": [11, 15.5, 5],
			"rotation": {"angle": 0, "axis": "y", "origin": [4, 7.5, 4]},
			"faces": {
				"north": {"uv": [8, 8, 9.5, 9.5], "texture": "#2"},
				"east": {"uv": [9, 10.5, 9.25, 12], "texture": "#2"},
				"south": {"uv": [4, 9.5, 5.5, 11], "texture": "#2"},
				"west": {"uv": [10.75, 5, 11, 6.5], "texture": "#2"},
				"up": {"uv": [11.75, 9.75, 10.25, 9.5], "texture": "#2"},
				"down": {"uv": [11.75, 9.75, 10.25, 10], "texture": "#2"}
			}
		},
		{
			"from": [5, 9.5, 4],
			"to": [11, 9.5, 5],
			"rotation": {"angle": 0, "axis": "y", "origin": [4, 7.5, 4]},
			"faces": {
				"north": {"uv": [8, 8, 9.5, 9.5], "texture": "#2"},
				"east": {"uv": [9, 10.5, 9.25, 12], "texture": "#2"},
				"south": {"uv": [4, 9.5, 5.5, 11], "texture": "#2"},
				"west": {"uv": [10.75, 5, 11, 6.5], "texture": "#2"},
				"up": {"uv": [11.75, 9.75, 10.25, 9.5], "texture": "#2"},
				"down": {"uv": [11.75, 9.75, 10.25, 10], "texture": "#2"}
			}
		},
		{
			"from": [5, 15.5, 4],
			"to": [11, 15.5, 5],
			"rotation": {"angle": 0, "axis": "y", "origin": [4, 7.5, 4]},
			"faces": {
				"north": {"uv": [8, 8, 9.5, 9.5], "texture": "#2"},
				"east": {"uv": [9, 10.5, 9.25, 12], "texture": "#2"},
				"south": {"uv": [4, 9.5, 5.5, 11], "texture": "#2"},
				"west": {"uv": [10.75, 5, 11, 6.5], "texture": "#2"},
				"up": {"uv": [11.75, 9.75, 10.25, 9.5], "texture": "#2"},
				"down": {"uv": [11.75, 9.75, 10.25, 10], "texture": "#2"}
			}
		},
		{
			"from": [11, 9.5, 4],
			"to": [11, 15.5, 5],
			"rotation": {"angle": 0, "axis": "y", "origin": [4, 7.5, 4]},
			"faces": {
				"north": {"uv": [8, 8, 9.5, 9.5], "texture": "#2"},
				"east": {"uv": [9, 10.5, 9.25, 12], "texture": "#2"},
				"south": {"uv": [4, 9.5, 5.5, 11], "texture": "#2"},
				"west": {"uv": [10.75, 5, 11, 6.5], "texture": "#2"},
				"up": {"uv": [11.75, 9.75, 10.25, 9.5], "texture": "#2"},
				"down": {"uv": [11.75, 9.75, 10.25, 10], "texture": "#2"}
			}
		},
		{
			"from": [5, 9.5, 4],
			"to": [5, 15.5, 5],
			"rotation": {"angle": 0, "axis": "y", "origin": [4, 7.5, 4]},
			"faces": {
				"north": {"uv": [8, 8, 9.5, 9.5], "texture": "#2"},
				"east": {"uv": [9, 10.5, 9.25, 12], "texture": "#2"},
				"south": {"uv": [4, 9.5, 5.5, 11], "texture": "#2"},
				"west": {"uv": [10.75, 5, 11, 6.5], "texture": "#2"},
				"up": {"uv": [11.75, 9.75, 10.25, 9.5], "texture": "#2"},
				"down": {"uv": [11.75, 9.75, 10.25, 10], "texture": "#2"}
			}
		},
		{
			"from": [5, 11.5, 12],
			"to": [8, 15.5, 13],
			"rotation": {"angle": -22.5, "axis": "z", "origin": [5.5, 9.5, 16.5]},
			"faces": {
				"north": {"uv": [10, 1, 10.75, 2], "texture": "#2"},
				"east": {"uv": [11, 8, 11.25, 9], "texture": "#2"},
				"south": {"uv": [10, 2, 10.75, 3], "texture": "#2"},
				"west": {"uv": [10.75, 11, 11, 12], "texture": "#2"},
				"up": {"uv": [12, 2.25, 11.25, 2], "texture": "#2"},
				"down": {"uv": [3, 11.25, 2.25, 11.5], "texture": "#2"}
			}
		},
		{
			"from": [12, 10.5, 10],
			"to": [20, 25.5, 10],
			"rotation": {"angle": 0, "axis": "y", "origin": [4, 7.5, 4]},
			"faces": {
				"north": {"uv": [0, 3.75, 2, 7.5], "texture": "#2"},
				"east": {"uv": [0, 0, 0, 3.75], "texture": "#2"},
				"south": {"uv": [2, 3.75, 4, 7.5], "texture": "#2"},
				"west": {"uv": [0, 0, 0, 3.75], "texture": "#2"},
				"up": {"uv": [2, 0, 0, 0], "texture": "#2"},
				"down": {"uv": [2, 0, 0, 0], "texture": "#2"}
			}
		},
		{
			"from": [8, 13.5, 11],
			"to": [8, 28.5, 19],
			"rotation": {"angle": 0, "axis": "y", "origin": [4, 7.5, 4]},
			"faces": {
				"north": {"uv": [12, 12.25, 14, 16], "texture": "#2"},
				"east": {"uv": [12, 12.25, 14, 16], "texture": "#2"},
				"south": {"uv": [12, 12.25, 14, 16], "texture": "#2"},
				"west": {"uv": [14, 12.25, 12, 16], "texture": "#2"},
				"up": {"uv": [12, 12.25, 14, 16], "texture": "#2"},
				"down": {"uv": [12, 12.25, 14, 16], "texture": "#2"}
			}
		},
		{
			"from": [4, 8.5, 4],
			"to": [12, 8.5, 12],
			"rotation": {"angle": 0, "axis": "y", "origin": [4, 7.5, 4]},
			"faces": {
				"north": {"uv": [0, 0, 2, 0], "texture": "#2"},
				"east": {"uv": [0, 0, 2, 0], "texture": "#2"},
				"south": {"uv": [0, 0, 2, 0], "texture": "#2"},
				"west": {"uv": [0, 0, 2, 0], "texture": "#2"},
				"up": {"uv": [6, 9.5, 4, 7.5], "texture": "#2"},
				"down": {"uv": [8, 7.5, 6, 9.5], "texture": "#2"}
			}
		},
		{
			"from": [4, 18.5, 4],
			"to": [12, 18.5, 12],
			"rotation": {"angle": 0, "axis": "y", "origin": [4, 7.5, 4]},
			"faces": {
				"north": {"uv": [0, 0, 2, 0], "texture": "#2"},
				"east": {"uv": [0, 0, 2, 0], "texture": "#2"},
				"south": {"uv": [0, 0, 2, 0], "texture": "#2"},
				"west": {"uv": [0, 0, 2, 0], "texture": "#2"},
				"up": {"uv": [10, 6, 8, 4], "texture": "#2"},
				"down": {"uv": [10, 6, 8, 8], "texture": "#2"}
			}
		},
		{
			"from": [4, 8.5, 4],
			"to": [12, 8.5, 12],
			"rotation": {"angle": 0, "axis": "y", "origin": [4, 7.5, 4]},
			"faces": {
				"north": {"uv": [0, 0, 2, 0], "texture": "#2"},
				"east": {"uv": [0, 0, 2, 0], "texture": "#2"},
				"south": {"uv": [0, 0, 2, 0], "texture": "#2"},
				"west": {"uv": [0, 0, 2, 0], "texture": "#2"},
				"up": {"uv": [10, 2, 8, 0], "texture": "#2"},
				"down": {"uv": [10, 2, 8, 4], "texture": "#2"}
			}
		},
		{
			"from": [11, 16.5, 2],
			"to": [14, 17.5, 6],
			"rotation": {"angle": 0, "axis": "y", "origin": [4, 5.5, 4]},
			"faces": {
				"north": {"uv": [0.75, 11.25, 1.5, 11.5], "texture": "#2"},
				"east": {"uv": [11, 5.5, 12, 5.75], "texture": "#2"},
				"south": {"uv": [11.25, 1, 12, 1.25], "texture": "#2"},
				"west": {"uv": [11, 5.75, 12, 6], "texture": "#2"},
				"up": {"uv": [10.25, 9, 9.5, 8], "texture": "#2"},
				"down": {"uv": [9.25, 9.5, 8.5, 10.5], "texture": "#2"}
			}
		},
		{
			"from": [10, 14.5, 3],
			"to": [13, 15.5, 7],
			"rotation": {"angle": 0, "axis": "y", "origin": [4, 7.5, 4]},
			"faces": {
				"north": {"uv": [11.25, 1.25, 12, 1.5], "texture": "#2"},
				"east": {"uv": [11, 6, 12, 6.25], "texture": "#2"},
				"south": {"uv": [1.5, 11.25, 2.25, 11.5], "texture": "#2"},
				"west": {"uv": [11, 6.25, 12, 6.5], "texture": "#2"},
				"up": {"uv": [10.25, 10, 9.5, 9], "texture": "#2"},
				"down": {"uv": [10.75, 0, 10, 1], "texture": "#2"}
			}
		},
		{
			"from": [10, 12.5, 6],
			"to": [13, 13.5, 8],
			"rotation": {"angle": 0, "axis": "y", "origin": [4, 7.5, 4]},
			"faces": {
				"north": {"uv": [11.25, 1.5, 12, 1.75], "texture": "#2"},
				"east": {"uv": [11.25, 2.25, 11.75, 2.5], "texture": "#2"},
				"south": {"uv": [11.25, 1.75, 12, 2], "texture": "#2"},
				"west": {"uv": [11.25, 2.5, 11.75, 2.75], "texture": "#2"},
				"up": {"uv": [11.5, 7, 10.75, 6.5], "texture": "#2"},
				"down": {"uv": [11.5, 7, 10.75, 7.5], "texture": "#2"}
			}
		},
		{
			"from": [0, 11.5, 6.5],
			"to": [3, 20.5, 9.5],
			"rotation": {"angle": 45, "axis": "z", "origin": [3, 19, 7]},
			"faces": {
				"north": {"uv": [5.5, 9.5, 6.25, 11.75], "texture": "#2"},
				"east": {"uv": [6.25, 9.5, 7, 11.75], "texture": "#2"},
				"south": {"uv": [7, 9.5, 7.75, 11.75], "texture": "#2"},
				"west": {"uv": [7.75, 9.5, 8.5, 11.75], "texture": "#2"},
				"up": {"uv": [10.75, 5.75, 10, 5], "texture": "#2"},
				"down": {"uv": [10.75, 5.75, 10, 6.5], "texture": "#2"}
			}
		},
		{
			"from": [-2.5, 24.5, 7.3],
			"to": [-0.5, 26.5, 8.3],
			"rotation": {"angle": 0, "axis": "y", "origin": [-0.5, 30.5, 11.3]},
			"faces": {
				"north": {"uv": [11, 9, 11.5, 9.5], "texture": "#2"},
				"east": {"uv": [9.25, 9.5, 9.5, 10], "texture": "#2"},
				"south": {"uv": [11, 11, 11.5, 11.5], "texture": "#2"},
				"west": {"uv": [11.25, 3, 11.5, 3.5], "texture": "#2"},
				"up": {"uv": [4, 11.5, 3.5, 11.25], "texture": "#2"},
				"down": {"uv": [11.75, 3.5, 11.25, 3.75], "texture": "#2"}
			}
		},
		{
			"from": [-0.5, 24, 6.3],
			"to": [2.5, 27, 9.3],
			"rotation": {"angle": 0, "axis": "y", "origin": [1, 25.5, 7.8]},
			"faces": {
				"north": {"uv": [10, 6.5, 10.75, 7.25], "texture": "#2"},
				"east": {"uv": [10, 7.25, 10.75, 8], "texture": "#2"},
				"south": {"uv": [9.25, 10, 10, 10.75], "texture": "#2"},
				"west": {"uv": [10, 10, 10.75, 10.75], "texture": "#2"},
				"up": {"uv": [11, 8.75, 10.25, 8], "texture": "#2"},
				"down": {"uv": [11, 8.75, 10.25, 9.5], "texture": "#2"}
			}
		},
		{
			"from": [1.19724, 21.57126, 5.8],
			"to": [3.19724, 25.57126, 5.8],
			"rotation": {"angle": 45, "axis": "z", "origin": [3.23425, 23.53701, 7.8]},
			"faces": {
				"north": {"uv": [10.75, 3, 11.25, 4], "texture": "#2"},
				"east": {"uv": [0, 0, 0, 1], "texture": "#2"},
				"south": {"uv": [10.75, 4, 11.25, 5], "texture": "#2"},
				"west": {"uv": [0, 0, 0, 1], "texture": "#2"},
				"up": {"uv": [0.5, 0, 0, 0], "texture": "#2"},
				"down": {"uv": [0.5, 0, 0, 0], "texture": "#2"}
			}
		},
		{
			"from": [0.69724, 22.27126, 6.8],
			"to": [3.69724, 26.27126, 8.8],
			"rotation": {"angle": 45, "axis": "z", "origin": [3.23425, 23.53701, 7.8]},
			"faces": {
				"north": {"uv": [10, 3, 10.75, 4], "texture": "#2"},
				"east": {"uv": [8.5, 10.5, 9, 11.5], "texture": "#2"},
				"south": {"uv": [10, 4, 10.75, 5], "texture": "#2"},
				"west": {"uv": [10.75, 0, 11.25, 1], "texture": "#2"},
				"up": {"uv": [11.5, 8, 10.75, 7.5], "texture": "#2"},
				"down": {"uv": [10, 10.75, 9.25, 11.25], "texture": "#2"}
			}
		},
		{
			"from": [2, 19.5, 6.7],
			"to": [2, 21.5, 7.7],
			"rotation": {"angle": 0, "axis": "y", "origin": [2, 21.5, 7.2]},
			"faces": {
				"north": {"uv": [0, 0, 0, 0.5], "texture": "#2"},
				"east": {"uv": [11.25, 4.25, 11.5, 4.75], "texture": "#2"},
				"south": {"uv": [0, 0, 0, 0.5], "texture": "#2"},
				"west": {"uv": [11.25, 8, 11.5, 8.5], "texture": "#2"},
				"up": {"uv": [0, 0.25, 0, 0], "texture": "#2"},
				"down": {"uv": [0, 0, 0, 0.25], "texture": "#2"}
			}
		},
		{
			"from": [3.19724, 21.57126, 8.8],
			"to": [3.19724, 25.57126, 9.8],
			"rotation": {"angle": 45, "axis": "z", "origin": [3.23425, 23.53701, 7.8]},
			"faces": {
				"north": {"uv": [0, 0, 0, 1], "texture": "#2"},
				"east": {"uv": [0, 11.25, 0.25, 12.25], "texture": "#2"},
				"south": {"uv": [0, 0, 0, 1], "texture": "#2"},
				"west": {"uv": [11.25, 0, 11.5, 1], "texture": "#2"},
				"up": {"uv": [0, 0.25, 0, 0], "texture": "#2"},
				"down": {"uv": [0, 0, 0, 0.25], "texture": "#2"}
			}
		},
		{
			"from": [3.19724, 21.57126, 5.8],
			"to": [3.19724, 25.57126, 6.8],
			"rotation": {"angle": 45, "axis": "z", "origin": [3.23425, 23.53701, 7.8]},
			"faces": {
				"north": {"uv": [0, 0, 0, 1], "texture": "#2"},
				"east": {"uv": [0.25, 11.25, 0.5, 12.25], "texture": "#2"},
				"south": {"uv": [0, 0, 0, 1], "texture": "#2"},
				"west": {"uv": [0.5, 11.25, 0.75, 12.25], "texture": "#2"},
				"up": {"uv": [0, 0.25, 0, 0], "texture": "#2"},
				"down": {"uv": [0, 0, 0, 0.25], "texture": "#2"}
			}
		},
		{
			"from": [1.19724, 25.57126, 5.8],
			"to": [3.19724, 25.57126, 6.8],
			"rotation": {"angle": 45, "axis": "z", "origin": [3.23425, 23.53701, 7.8]},
			"faces": {
				"north": {"uv": [0, 0, 0.5, 0], "texture": "#2"},
				"east": {"uv": [0, 0, 0.25, 0], "texture": "#2"},
				"south": {"uv": [0, 0, 0.5, 0], "texture": "#2"},
				"west": {"uv": [0, 0, 0.25, 0], "texture": "#2"},
				"up": {"uv": [11.75, 4, 11.25, 3.75], "texture": "#2"},
				"down": {"uv": [11.75, 4, 11.25, 4.25], "texture": "#2"}
			}
		},
		{
			"from": [2, 19.5, 7.9],
			"to": [2, 21.5, 8.9],
			"rotation": {"angle": 0, "axis": "y", "origin": [-0.5, 31, 11.3]},
			"faces": {
				"north": {"uv": [0, 0, 0, 0.5], "texture": "#2"},
				"east": {"uv": [11.25, 8.5, 11.5, 9], "texture": "#2"},
				"south": {"uv": [0, 0, 0, 0.5], "texture": "#2"},
				"west": {"uv": [9.25, 11.25, 9.5, 11.75], "texture": "#2"},
				"up": {"uv": [0, 0.25, 0, 0], "texture": "#2"},
				"down": {"uv": [0, 0, 0, 0.25], "texture": "#2"}
			}
		},
		{
			"from": [3.66695, 21.87306, 6.81],
			"to": [6.64695, 23.85306, 6.79],
			"rotation": {"angle": -22.5, "axis": "z", "origin": [3.23425, 23.53701, 7.8]},
			"faces": {
				"north": {"uv": [10.75, 10.5, 11.5, 11], "texture": "#2"},
				"east": {"uv": [0, 0, 0, 0.5], "texture": "#2"},
				"south": {"uv": [4, 11, 4.75, 11.5], "texture": "#2"},
				"west": {"uv": [0, 0, 0, 0.5], "texture": "#2"},
				"up": {"uv": [0.75, 0, 0, 0], "texture": "#2"},
				"down": {"uv": [0.75, 0, 0, 0], "texture": "#2"}
			}
		},
		{
			"from": [3.66695, 23.87306, 6.81],
			"to": [6.64695, 23.85306, 8.79],
			"rotation": {"angle": -22.5, "axis": "z", "origin": [3.23425, 23.53701, 7.8]},
			"faces": {
				"north": {"uv": [0, 0, 0.75, 0], "texture": "#2"},
				"east": {"uv": [0, 0, 0.5, 0], "texture": "#2"},
				"south": {"uv": [0, 0, 0.75, 0], "texture": "#2"},
				"west": {"uv": [0, 0, 0.5, 0], "texture": "#2"},
				"up": {"uv": [5.5, 11.5, 4.75, 11], "texture": "#2"},
				"down": {"uv": [11.75, 5, 11, 5.5], "texture": "#2"}
			}
		},
		{
			"from": [3.66695, 21.87306, 8.81],
			"to": [6.64695, 23.85306, 8.79],
			"rotation": {"angle": -22.5, "axis": "z", "origin": [3.23425, 23.53701, 7.8]},
			"faces": {
				"north": {"uv": [10, 10.75, 10.75, 11.25], "texture": "#2"},
				"east": {"uv": [0, 0, 0, 0.5], "texture": "#2"},
				"south": {"uv": [10.75, 10, 11.5, 10.5], "texture": "#2"},
				"west": {"uv": [0, 0, 0, 0.5], "texture": "#2"},
				"up": {"uv": [0.75, 0, 0, 0], "texture": "#2"},
				"down": {"uv": [0.75, 0, 0, 0], "texture": "#2"}
			}
		},
		{
			"from": [1.19724, 21.57126, 9.8],
			"to": [3.19724, 25.57126, 9.8],
			"rotation": {"angle": 45, "axis": "z", "origin": [3.23425, 23.53701, 7.8]},
			"faces": {
				"north": {"uv": [10.75, 1, 11.25, 2], "texture": "#2"},
				"east": {"uv": [0, 0, 0, 1], "texture": "#2"},
				"south": {"uv": [10.75, 2, 11.25, 3], "texture": "#2"},
				"west": {"uv": [0, 0, 0, 1], "texture": "#2"},
				"up": {"uv": [0.5, 0, 0, 0], "texture": "#2"},
				"down": {"uv": [0.5, 0, 0, 0], "texture": "#2"}
			}
		},
		{
			"from": [1.19724, 25.57126, 8.8],
			"to": [3.19724, 25.57126, 9.8],
			"rotation": {"angle": 45, "axis": "z", "origin": [3.23425, 23.53701, 7.8]},
			"faces": {
				"north": {"uv": [0, 0, 0.5, 0], "texture": "#2"},
				"east": {"uv": [0, 0, 0.25, 0], "texture": "#2"},
				"south": {"uv": [0, 0, 0.5, 0], "texture": "#2"},
				"west": {"uv": [0, 0, 0.25, 0], "texture": "#2"},
				"up": {"uv": [11.75, 3, 11.25, 2.75], "texture": "#2"},
				"down": {"uv": [3.5, 11.25, 3, 11.5], "texture": "#2"}
			}
		}
	],
	"display": {
		"thirdperson_righthand": {
			"translation": [0, 0, 1.5],
			"scale": [0.5, 0.5, 0.5]
		},
		"thirdperson_lefthand": {
			"translation": [0, 0, 1.5],
			"scale": [0.5, 0.5, 0.5]
		},
		"firstperson_righthand": {
			"translation": [4.25, -3.75, 0],
			"scale": [0.5, 0.5, 0.5]
		},
		"firstperson_lefthand": {
			"translation": [4.25, -3.75, 0],
			"scale": [0.5, 0.5, 0.5]
		},
		"ground": {
			"translation": [0, -3, 0],
			"scale": [0.7, 0.7, 0.7]
		},
		"gui": {
			"rotation": [22.5, 135, 0],
			"translation": [0, -5.25, 0],
			"scale": [0.8, 0.8, 0.8]
		},
		"head": {
			"translation": [0, -8.75, 0],
			"scale": [1.84, 1.84, 1.84]
		},
		"fixed": {
			"translation": [0, -8.25, -3]
		}
	},
	"groups": [
		0,
		1,
		2,
		3,
		4,
		5,
		6,
		7,
		8,
		9,
		10,
		11,
		12,
		13,
		14,
		15,
		16,
		17,
		18,
		{
			"name": "Birb",
			"origin": [17.76575, 5.53701, 9.8],
			"color": 0,
			"children": [19, 20, 21, 22, 23, 24, 25, 26, 27, 28, 29, 30, 31, 32]
		}
	]
}