{
	"credit": "Made with Blockbench",
	"texture_size": [32, 32],
	"textures": {
		"1": "moose_antlers",
		"particle": "moose_antlers"
	},
	"elements": [
		{
			"from": [9, 6, 5],
			"to": [17, 6, 10],
			"rotation": {"angle": -22.5, "axis": "x", "origin": [8, 8, 8.5]},
			"faces": {
				"north": {"uv": [4, 2.5, 0, 5], "texture": "#1"},
				"east": {"uv": [4, 2.5, 0, 5], "texture": "#1"},
				"south": {"uv": [4, 2.5, 0, 5], "texture": "#1"},
				"west": {"uv": [4, 2.5, 0, 5], "texture": "#1"},
				"up": {"uv": [4, 5, 0, 2.5], "texture": "#1"},
				"down": {"uv": [4, 2.5, 0, 5], "texture": "#1"}
			}
		},
		{
			"from": [9, 6, 10],
			"to": [17, 10, 10],
			"rotation": {"angle": -22.5, "axis": "x", "origin": [8, 8, 8.5]},
			"faces": {
				"north": {"uv": [11.5, 7.5, 7.5, 9.5], "texture": "#1"},
				"east": {"uv": [7.5, 7.5, 11.5, 9.5], "texture": "#1"},
				"south": {"uv": [7.5, 7.5, 11.5, 9.5], "texture": "#1"},
				"west": {"uv": [7.5, 7.5, 11.5, 9.5], "texture": "#1"},
				"up": {"uv": [7.5, 7.5, 11.5, 9.5], "texture": "#1"},
				"down": {"uv": [7.5, 7.5, 11.5, 9.5], "texture": "#1"}
			}
		},
		{
			"from": [17, 6, 5],
			"to": [17, 10, 10],
			"rotation": {"angle": -22.5, "axis": "x", "origin": [8, 8, 8.5]},
			"faces": {
				"north": {"uv": [6, 11.5, 8.5, 13.5], "texture": "#1"},
				"east": {"uv": [6, 11.5, 8.5, 13.5], "texture": "#1"},
				"south": {"uv": [6, 11.5, 8.5, 13.5], "texture": "#1"},
				"west": {"uv": [6, 11.5, 8.5, 13.5], "texture": "#1"},
				"up": {"uv": [6, 11.5, 8.5, 13.5], "texture": "#1"},
				"down": {"uv": [6, 11.5, 8.5, 13.5], "texture": "#1"}
			}
		},
		{
			"from": [9, 6, 5],
			"to": [17, 10, 5],
			"rotation": {"angle": -22.5, "axis": "x", "origin": [8, 8, 8.5]},
			"faces": {
				"north": {"uv": [3.5, 7.5, 7.5, 9.5], "texture": "#1"},
				"east": {"uv": [3.5, 7.5, 7.5, 9.5], "texture": "#1"},
				"south": {"uv": [7.5, 7.5, 3.5, 9.5], "texture": "#1"},
				"west": {"uv": [3.5, 7.5, 7.5, 9.5], "texture": "#1"},
				"up": {"uv": [3.5, 7.5, 7.5, 9.5], "texture": "#1"},
				"down": {"uv": [3.5, 7.5, 7.5, 9.5], "texture": "#1"}
			}
		},
		{
			"from": [9, 4.81285, 1.03179],
			"to": [16, 4.81285, 6.03179],
			"rotation": {"angle": 0, "axis": "y", "origin": [8, 6.81285, 9.53179]},
			"faces": {
				"north": {"uv": [7, 5, 3.5, 7.5], "texture": "#1"},
				"east": {"uv": [7, 5, 3.5, 7.5], "texture": "#1"},
				"south": {"uv": [7, 5, 3.5, 7.5], "texture": "#1"},
				"west": {"uv": [7, 5, 3.5, 7.5], "texture": "#1"},
				"up": {"uv": [7, 7.5, 3.5, 5], "texture": "#1"},
				"down": {"uv": [7, 5, 3.5, 7.5], "texture": "#1"}
			}
		},
		{
			"from": [16, 4.81285, 1.03179],
			"to": [16, 8.81285, 6.03179],
			"rotation": {"angle": 0, "axis": "y", "origin": [8, 6.81285, 9.53179]},
			"faces": {
				"north": {"uv": [10.5, 9.5, 13, 11.5], "texture": "#1"},
				"east": {"uv": [10.5, 9.5, 13, 11.5], "texture": "#1"},
				"south": {"uv": [10.5, 9.5, 13, 11.5], "texture": "#1"},
				"west": {"uv": [13, 9.5, 10.5, 11.5], "texture": "#1"},
				"up": {"uv": [10.5, 9.5, 13, 11.5], "texture": "#1"},
				"down": {"uv": [10.5, 9.5, 13, 11.5], "texture": "#1"}
			}
		},
		{
			"from": [9, 4.81285, 1.03179],
			"to": [16, 8.81285, 1.03179],
			"rotation": {"angle": 0, "axis": "y", "origin": [8, 6.81285, 9.53179]},
			"faces": {
				"north": {"uv": [3.5, 9.5, 7, 11.5], "texture": "#1"},
				"east": {"uv": [3.5, 9.5, 7, 11.5], "texture": "#1"},
				"south": {"uv": [7, 9.5, 3.5, 11.5], "texture": "#1"},
				"west": {"uv": [3.5, 9.5, 7, 11.5], "texture": "#1"},
				"up": {"uv": [3.5, 9.5, 7, 11.5], "texture": "#1"},
				"down": {"uv": [3.5, 9.5, 7, 11.5], "texture": "#1"}
			}
		},
		{
			"from": [-1, 6, 5],
			"to": [7, 6, 10],
			"rotation": {"angle": -22.5, "axis": "x", "origin": [8, 8, 8.5]},
			"faces": {
				"north": {"uv": [0, 2.5, 4, 5], "texture": "#1"},
				"east": {"uv": [0, 2.5, 4, 5], "texture": "#1"},
				"south": {"uv": [0, 2.5, 4, 5], "texture": "#1"},
				"west": {"uv": [0, 2.5, 4, 5], "texture": "#1"},
				"up": {"uv": [0, 5, 4, 2.5], "texture": "#1"},
				"down": {"uv": [0, 2.5, 4, 5], "texture": "#1"}
			}
		},
		{
			"from": [0, 4.81285, 1.03179],
			"to": [7, 4.81285, 6.03179],
			"rotation": {"angle": 0, "axis": "y", "origin": [8, 6.81285, 9.53179]},
			"faces": {
				"north": {"uv": [3.5, 5, 7, 7.5], "texture": "#1"},
				"east": {"uv": [3.5, 5, 7, 7.5], "texture": "#1"},
				"south": {"uv": [3.5, 5, 7, 7.5], "texture": "#1"},
				"west": {"uv": [3.5, 5, 7, 7.5], "texture": "#1"},
				"up": {"uv": [3.5, 7.5, 7, 5], "texture": "#1"},
				"down": {"uv": [3.5, 5, 7, 7.5], "texture": "#1"}
			}
		},
		{
			"from": [0, 4.81285, 1.03179],
			"to": [7, 8.81285, 1.03179],
			"rotation": {"angle": 0, "axis": "y", "origin": [8, 6.81285, 9.53179]},
			"faces": {
				"north": {"uv": [7, 9.5, 3.5, 11.5], "texture": "#1"},
				"east": {"uv": [7, 9.5, 3.5, 11.5], "texture": "#1"},
				"south": {"uv": [3.5, 9.5, 7, 11.5], "texture": "#1"},
				"west": {"uv": [7, 9.5, 3.5, 11.5], "texture": "#1"},
				"up": {"uv": [7, 9.5, 3.5, 11.5], "texture": "#1"},
				"down": {"uv": [7, 9.5, 3.5, 11.5], "texture": "#1"}
			}
		},
		{
			"from": [0, 4.81285, 1.03179],
			"to": [0, 8.81285, 6.03179],
			"rotation": {"angle": 0, "axis": "y", "origin": [8, 6.81285, 9.53179]},
			"faces": {
				"north": {"uv": [13, 9.5, 10.5, 11.5], "texture": "#1"},
				"east": {"uv": [10.5, 9.5, 13, 11.5], "texture": "#1"},
				"south": {"uv": [13, 9.5, 10.5, 11.5], "texture": "#1"},
				"west": {"uv": [13, 9.5, 10.5, 11.5], "texture": "#1"},
				"up": {"uv": [13, 9.5, 10.5, 11.5], "texture": "#1"},
				"down": {"uv": [13, 9.5, 10.5, 11.5], "texture": "#1"}
			}
		},
		{
			"from": [-1, 6, 5],
			"to": [7, 10, 5],
			"rotation": {"angle": -22.5, "axis": "x", "origin": [8, 8, 8.5]},
			"faces": {
				"north": {"uv": [7.5, 7.5, 3.5, 9.5], "texture": "#1"},
				"east": {"uv": [7.5, 7.5, 3.5, 9.5], "texture": "#1"},
				"south": {"uv": [3.5, 7.5, 7.5, 9.5], "texture": "#1"},
				"west": {"uv": [7.5, 7.5, 3.5, 9.5], "texture": "#1"},
				"up": {"uv": [7.5, 7.5, 3.5, 9.5], "texture": "#1"},
				"down": {"uv": [7.5, 7.5, 3.5, 9.5], "texture": "#1"}
			}
		},
		{
			"from": [-1, 6, 5],
			"to": [-1, 10, 10],
			"rotation": {"angle": -22.5, "axis": "x", "origin": [8, 8, 8.5]},
			"faces": {
				"north": {"uv": [8.5, 11.5, 6, 13.5], "texture": "#1"},
				"east": {"uv": [8.5, 11.5, 6, 13.5], "texture": "#1"},
				"south": {"uv": [8.5, 11.5, 6, 13.5], "texture": "#1"},
				"west": {"uv": [8.5, 11.5, 6, 13.5], "texture": "#1"},
				"up": {"uv": [8.5, 11.5, 6, 13.5], "texture": "#1"},
				"down": {"uv": [8.5, 11.5, 6, 13.5], "texture": "#1"}
			}
		},
		{
			"from": [-1, 6, 10],
			"to": [7, 10, 10],
			"rotation": {"angle": -22.5, "axis": "x", "origin": [8, 8, 8.5]},
			"faces": {
				"north": {"uv": [7.5, 7.5, 11.5, 9.5], "texture": "#1"},
				"east": {"uv": [11.5, 7.5, 7.5, 9.5], "texture": "#1"},
				"south": {"uv": [11.5, 7.5, 7.5, 9.5], "texture": "#1"},
				"west": {"uv": [11.5, 7.5, 7.5, 9.5], "texture": "#1"},
				"up": {"uv": [11.5, 7.5, 7.5, 9.5], "texture": "#1"},
				"down": {"uv": [11.5, 7.5, 7.5, 9.5], "texture": "#1"}
			}
		}
	],
	"display": {
		"thirdperson_righthand": {
			"translation": [0, 1, 1.25],
			"scale": [0.5, 0.5, 0.5]
		},
		"thirdperson_lefthand": {
			"translation": [0, 1, 1.25],
			"scale": [0.5, 0.5, 0.5]
		},
		"firstperson_righthand": {
			"rotation": [0, 0, 19],
			"translation": [5.25, 0, 0]
		},
		"firstperson_lefthand": {
			"rotation": [0, 0, 19],
			"translation": [5.25, 0, 0]
		},
		"ground": {
			"scale": [0.5, 0.5, 0.5]
		},
		"gui": {
			"rotation": [22.5, 135, 0],
			"translation": [1.25, 0, 0],
			"scale": [0.8, 0.8, 0.8]
		},
		"head": {
			"rotation": [11, 0, 0],
			"translation": [0, 6.5, 4],
			"scale": [1.79, 1.79, 1.79]
		},
		"fixed": {
			"translation": [0, 0, -3]
		}
	}
}