{
	"credit": "Made with Blockbench",
	"texture_size": [32, 32],
	"textures": {
		"1": "mushroom_hat"
	},
	"elements": [
		{
			"from": [0, 0, 0],
			"to": [16, 5, 16],
			"faces": {
				"north": {"uv": [8, 0, 16, 2.5], "texture": "#1"},
				"east": {"uv": [8, 2.5, 16, 5], "texture": "#1"},
				"south": {"uv": [8, 5, 16, 7.5], "texture": "#1"},
				"west": {"uv": [8, 7.5, 16, 10], "texture": "#1"},
				"up": {"uv": [8, 8, 0, 0], "texture": "#1"},
				"down": {"uv": [8, 8, 0, 16], "texture": "#1"}
			}
		}
	],
	"display": {
		"thirdperson_righthand": {
			"translation": [0, 2.5, 0],
			"scale": [0.5, 0.5, 0.5]
		},
		"thirdperson_lefthand": {
			"translation": [0, 2.5, 0],
			"scale": [0.5, 0.5, 0.5]
		},
		"firstperson_righthand": {
			"translation": [13, -1, 0]
		},
		"firstperson_lefthand": {
			"translation": [13, -1, 0]
		},
		"ground": {
			"translation": [0, 1, 0],
			"scale": [0.5, 0.5, 0.5]
		},
		"gui": {
			"rotation": [22.5, 135, 0],
			"translation": [0, 1.5, 0],
			"scale": [0.65, 0.65, 0.65]
		},
		"head": {
			"rotation": [6, 180, 0],
			"translation": [0, 13.5, 1],
			"scale": [1.5, 1.5, 1.5]
		},
		"fixed": {
			"translation": [0, 2.25, -2.75]
		}
	}
}