{
	"credit": "Made with Blockbench",
	"texture_size": [64, 64],
	"textures": {
		"3": "robin_nest"
	},
	"elements": [
		{
			"from": [6.5, 1, 5.5],
			"to": [9.5, 6, 8.5],
			"rotation": {"angle": 22.5, "axis": "y", "origin": [8, 2, 8.25]},
			"faces": {
				"north": {"uv": [2, 9, 2.75, 10.25], "texture": "#3"},
				"east": {"uv": [2.75, 9.25, 3.5, 10.5], "texture": "#3"},
				"south": {"uv": [9.25, 3, 10, 4.25], "texture": "#3"},
				"west": {"uv": [3.5, 9.25, 4.25, 10.5], "texture": "#3"},
				"up": {"uv": [6, 10.25, 5.25, 9.5], "texture": "#3"},
				"down": {"uv": [6.75, 9.5, 6, 10.25], "texture": "#3"}
			}
		},
		{
			"from": [5.5, 1, 8.5],
			"to": [7.5, 5, 10.5],
			"rotation": {"angle": 22.5, "axis": "y", "origin": [8, 2, 8.25]},
			"faces": {
				"north": {"uv": [1.5, 9.75, 2, 10.75], "texture": "#3"},
				"east": {"uv": [10, 8.25, 10.5, 9.25], "texture": "#3"},
				"south": {"uv": [2, 10.25, 2.5, 11.25], "texture": "#3"},
				"west": {"uv": [10.25, 3.5, 10.75, 4.5], "texture": "#3"},
				"up": {"uv": [3, 11, 2.5, 10.5], "texture": "#3"},
				"down": {"uv": [3.5, 10.5, 3, 11], "texture": "#3"}
			}
		},
		{
			"from": [4.5, 0, 4.5],
			"to": [12.5, 3, 12.5],
			"rotation": {"angle": 22.5, "axis": "y", "origin": [8, 2, 8.25]},
			"faces": {
				"north": {"uv": [9, 0.75, 11, 1.5], "texture": "#3"},
				"east": {"uv": [9, 1.5, 11, 2.25], "texture": "#3"},
				"south": {"uv": [9, 2.25, 11, 3], "texture": "#3"},
				"west": {"uv": [8, 9, 10, 9.75], "texture": "#3"},
				"up": {"uv": [5, 9.25, 3, 7.25], "texture": "#3"},
				"down": {"uv": [10.25, 4.25, 8.25, 6.25], "texture": "#3"}
			}
		},
		{
			"from": [8.5, 0, 2.5],
			"to": [8.5, 5, 14.5],
			"rotation": {"angle": 22.5, "axis": "y", "origin": [8, 2, 8.25]},
			"faces": {
				"north": {"uv": [0, 0, 0, 1.25], "texture": "#3"},
				"east": {"uv": [5, 8.25, 8, 9.5], "texture": "#3"},
				"south": {"uv": [0, 0, 0, 1.25], "texture": "#3"},
				"west": {"uv": [8.25, 6.25, 11.25, 7.5], "texture": "#3"},
				"up": {"uv": [0, 3, 0, 0], "texture": "#3"},
				"down": {"uv": [0, 0, 0, 3], "texture": "#3"}
			}
		},
		{
			"from": [2, 0, 8.5],
			"to": [15, 5, 8.5],
			"rotation": {"angle": 22.5, "axis": "y", "origin": [8, 2, 8.25]},
			"faces": {
				"north": {"uv": [3, 6, 6.25, 7.25], "texture": "#3"},
				"east": {"uv": [0, 0, 0, 1.25], "texture": "#3"},
				"south": {"uv": [6, 3, 9.25, 4.25], "texture": "#3"},
				"west": {"uv": [0, 0, 0, 1.25], "texture": "#3"},
				"up": {"uv": [3.25, 0, 0, 0], "texture": "#3"},
				"down": {"uv": [3.25, 0, 0, 0], "texture": "#3"}
			}
		},
		{
			"from": [2.55761, 2.5, 2.28963],
			"to": [14.55761, 2.5, 14.28963],
			"rotation": {"angle": 0, "axis": "y", "origin": [8, 2, 8.25]},
			"faces": {
				"north": {"uv": [0, 0, 3, 0], "texture": "#3"},
				"east": {"uv": [0, 0, 3, 0], "texture": "#3"},
				"south": {"uv": [0, 0, 3, 0], "texture": "#3"},
				"west": {"uv": [0, 0, 3, 0], "texture": "#3"},
				"up": {"uv": [3, 3, 0, 0], "texture": "#3"},
				"down": {"uv": [3, 3, 0, 6], "texture": "#3"}
			}
		},
		{
			"from": [2.55761, 0.5, 2.28963],
			"to": [14.55761, 0.5, 14.28963],
			"rotation": {"angle": 0, "axis": "y", "origin": [8, 2, 8.25]},
			"faces": {
				"north": {"uv": [0, 0, 3, 0], "texture": "#3"},
				"east": {"uv": [0, 0, 3, 0], "texture": "#3"},
				"south": {"uv": [0, 0, 3, 0], "texture": "#3"},
				"west": {"uv": [0, 0, 3, 0], "texture": "#3"},
				"up": {"uv": [3, 9, 0, 6], "texture": "#3"},
				"down": {"uv": [9, 0, 6, 3], "texture": "#3"}
			}
		},
		{
			"from": [2.53033, 1.5, 2.07322],
			"to": [14.53033, 1.5, 14.07322],
			"rotation": {"angle": -22.5, "axis": "y", "origin": [8, 2, 8.25]},
			"faces": {
				"north": {"uv": [0, 0, 3, 0], "texture": "#3"},
				"east": {"uv": [0, 0, 3, 0], "texture": "#3"},
				"south": {"uv": [0, 0, 3, 0], "texture": "#3"},
				"west": {"uv": [0, 0, 3, 0], "texture": "#3"},
				"up": {"uv": [6, 3, 3, 0], "rotation": 270, "texture": "#3"},
				"down": {"uv": [6, 3, 3, 6], "rotation": 90, "texture": "#3"}
			}
		},
		{
			"from": [11.5, 6, 8.3],
			"to": [14.5, 9, 11.3],
			"rotation": {"angle": 0, "axis": "y", "origin": [13, 7.5, 9.8]},
			"faces": {
				"north": {"uv": [6.75, 9.5, 7.5, 10.25], "texture": "#3"},
				"east": {"uv": [0, 9.75, 0.75, 10.5], "texture": "#3"},
				"south": {"uv": [0.75, 9.75, 1.5, 10.5], "texture": "#3"},
				"west": {"uv": [7.5, 9.75, 8.25, 10.5], "texture": "#3"},
				"up": {"uv": [9, 10.5, 8.25, 9.75], "texture": "#3"},
				"down": {"uv": [9.75, 9.75, 9, 10.5], "texture": "#3"}
			}
		},
		{
			"from": [14.5, 6.5, 9.8],
			"to": [15.5, 7.5, 9.8],
			"rotation": {"angle": 0, "axis": "y", "origin": [14.5, 12.5, 13.3]},
			"faces": {
				"north": {"uv": [6, 5.75, 6.25, 6], "texture": "#3"},
				"east": {"uv": [0, 0, 0, 0.25], "texture": "#3"},
				"south": {"uv": [2.75, 9, 3, 9.25], "texture": "#3"},
				"west": {"uv": [0, 0, 0, 0.25], "texture": "#3"},
				"up": {"uv": [0.25, 0, 0, 0], "texture": "#3"},
				"down": {"uv": [0.25, 0, 0, 0], "texture": "#3"}
			}
		},
		{
			"from": [9.5, 4, 8.8],
			"to": [13.5, 7, 10.8],
			"rotation": {"angle": 0, "axis": "y", "origin": [14.5, 12.5, 13.3]},
			"faces": {
				"north": {"uv": [5, 7.25, 6, 8], "texture": "#3"},
				"east": {"uv": [5.25, 10.25, 5.75, 11], "texture": "#3"},
				"south": {"uv": [4.25, 9.5, 5.25, 10.25], "texture": "#3"},
				"west": {"uv": [10.25, 5.5, 10.75, 6.25], "texture": "#3"},
				"up": {"uv": [10.75, 10.25, 9.75, 9.75], "texture": "#3"},
				"down": {"uv": [11, 3, 10, 3.5], "texture": "#3"}
			}
		},
		{
			"from": [8.8, 4.5, 11.8],
			"to": [12.8, 6.5, 11.8],
			"rotation": {"angle": 0, "axis": "y", "origin": [14.5, 12.5, 8.3]},
			"faces": {
				"north": {"uv": [10.25, 4.5, 11.25, 5], "texture": "#3"},
				"east": {"uv": [0, 0, 0, 0.5], "texture": "#3"},
				"south": {"uv": [10.25, 5, 11.25, 5.5], "texture": "#3"},
				"west": {"uv": [0, 0, 0, 0.5], "texture": "#3"},
				"up": {"uv": [1, 0, 0, 0], "texture": "#3"},
				"down": {"uv": [1, 0, 0, 0], "texture": "#3"}
			}
		},
		{
			"from": [12.8, 4.5, 10.8],
			"to": [12.8, 6.5, 11.8],
			"rotation": {"angle": 0, "axis": "y", "origin": [14.5, 12.5, 8.3]},
			"faces": {
				"north": {"uv": [0, 0, 0, 0.5], "texture": "#3"},
				"east": {"uv": [6, 5.25, 6.25, 5.75], "texture": "#3"},
				"south": {"uv": [0, 0, 0, 0.5], "texture": "#3"},
				"west": {"uv": [6, 7.25, 6.25, 7.75], "texture": "#3"},
				"up": {"uv": [0, 0.25, 0, 0], "texture": "#3"},
				"down": {"uv": [0, 0, 0, 0.25], "texture": "#3"}
			}
		},
		{
			"from": [12, 2.5, 9.9],
			"to": [12, 4.5, 10.9],
			"rotation": {"angle": 0, "axis": "y", "origin": [14.5, 13, 13.3]},
			"faces": {
				"north": {"uv": [0, 0, 0, 0.5], "texture": "#3"},
				"east": {"uv": [6, 7.75, 6.25, 8.25], "texture": "#3"},
				"south": {"uv": [0, 0, 0, 0.5], "texture": "#3"},
				"west": {"uv": [10, 3.5, 10.25, 4], "texture": "#3"},
				"up": {"uv": [0, 0.25, 0, 0], "texture": "#3"},
				"down": {"uv": [0, 0, 0, 0.25], "texture": "#3"}
			}
		},
		{
			"from": [12, 2.5, 8.7],
			"to": [12, 4.5, 9.7],
			"rotation": {"angle": 0, "axis": "y", "origin": [12, 3.5, 9.2]},
			"faces": {
				"north": {"uv": [0, 0, 0, 0.5], "texture": "#3"},
				"east": {"uv": [3.5, 10.5, 3.75, 11], "texture": "#3"},
				"south": {"uv": [0, 0, 0, 0.5], "texture": "#3"},
				"west": {"uv": [3.75, 10.5, 4, 11], "texture": "#3"},
				"up": {"uv": [0, 0.25, 0, 0], "texture": "#3"},
				"down": {"uv": [0, 0, 0, 0.25], "texture": "#3"}
			}
		},
		{
			"from": [12.8, 4.5, 7.8],
			"to": [12.8, 6.5, 8.8],
			"rotation": {"angle": 0, "axis": "y", "origin": [14.5, 12.5, 13.3]},
			"faces": {
				"north": {"uv": [0, 0, 0, 0.5], "texture": "#3"},
				"east": {"uv": [6, 4.25, 6.25, 4.75], "texture": "#3"},
				"south": {"uv": [0, 0, 0, 0.5], "texture": "#3"},
				"west": {"uv": [6, 4.75, 6.25, 5.25], "texture": "#3"},
				"up": {"uv": [0, 0.25, 0, 0], "texture": "#3"},
				"down": {"uv": [0, 0, 0, 0.25], "texture": "#3"}
			}
		},
		{
			"from": [8.8, 4.5, 7.8],
			"to": [12.8, 6.5, 7.8],
			"rotation": {"angle": 0, "axis": "y", "origin": [14.5, 12.5, 13.3]},
			"faces": {
				"north": {"uv": [10, 9.25, 11, 9.75], "texture": "#3"},
				"east": {"uv": [0, 0, 0, 0.5], "texture": "#3"},
				"south": {"uv": [4.25, 10.25, 5.25, 10.75], "texture": "#3"},
				"west": {"uv": [0, 0, 0, 0.5], "texture": "#3"},
				"up": {"uv": [1, 0, 0, 0], "texture": "#3"},
				"down": {"uv": [1, 0, 0, 0], "texture": "#3"}
			}
		},
		{
			"from": [8.8, 6.5, 7.8],
			"to": [12.8, 6.5, 8.8],
			"rotation": {"angle": 0, "axis": "y", "origin": [14.5, 12.5, 13.3]},
			"faces": {
				"north": {"uv": [0, 0, 1, 0], "texture": "#3"},
				"east": {"uv": [0, 0, 0.25, 0], "texture": "#3"},
				"south": {"uv": [0, 0, 1, 0], "texture": "#3"},
				"west": {"uv": [0, 0, 0.25, 0], "texture": "#3"},
				"up": {"uv": [6, 8.25, 5, 8], "texture": "#3"},
				"down": {"uv": [11.25, 8, 10.25, 8.25], "texture": "#3"}
			}
		},
		{
			"from": [7.16496, 5.67537, 8.81],
			"to": [10.14496, 7.65537, 8.79],
			"rotation": {"angle": -22.5, "axis": "z", "origin": [8.65496, 6.46537, 9.8]},
			"faces": {
				"north": {"uv": [0, 10.5, 0.75, 11], "texture": "#3"},
				"east": {"uv": [0, 0, 0, 0.5], "texture": "#3"},
				"south": {"uv": [0.75, 10.5, 1.5, 11], "texture": "#3"},
				"west": {"uv": [0, 0, 0, 0.5], "texture": "#3"},
				"up": {"uv": [0.75, 0, 0, 0], "texture": "#3"},
				"down": {"uv": [0.75, 0, 0, 0], "texture": "#3"}
			}
		},
		{
			"from": [7.16496, 7.67537, 8.81],
			"to": [10.14496, 7.65537, 10.79],
			"rotation": {"angle": -22.5, "axis": "z", "origin": [8.65496, 6.46537, 9.8]},
			"faces": {
				"north": {"uv": [0, 0, 0.75, 0], "texture": "#3"},
				"east": {"uv": [0, 0, 0.5, 0], "texture": "#3"},
				"south": {"uv": [0, 0, 0.75, 0], "texture": "#3"},
				"west": {"uv": [0, 0, 0.5, 0], "texture": "#3"},
				"up": {"uv": [6.5, 10.75, 5.75, 10.25], "texture": "#3"},
				"down": {"uv": [7.25, 10.25, 6.5, 10.75], "texture": "#3"}
			}
		},
		{
			"from": [7.16496, 5.67537, 10.81],
			"to": [10.14496, 7.65537, 10.79],
			"rotation": {"angle": -22.5, "axis": "z", "origin": [8.65496, 6.46537, 9.8]},
			"faces": {
				"north": {"uv": [10.25, 7.5, 11, 8], "texture": "#3"},
				"east": {"uv": [0, 0, 0, 0.5], "texture": "#3"},
				"south": {"uv": [9.75, 10.25, 10.5, 10.75], "texture": "#3"},
				"west": {"uv": [0, 0, 0, 0.5], "texture": "#3"},
				"up": {"uv": [0.75, 0, 0, 0], "texture": "#3"},
				"down": {"uv": [0.75, 0, 0, 0], "texture": "#3"}
			}
		},
		{
			"from": [8.8, 6.5, 10.8],
			"to": [12.8, 6.5, 11.8],
			"rotation": {"angle": 0, "axis": "y", "origin": [14.5, 12.5, 8.3]},
			"faces": {
				"north": {"uv": [0, 0, 1, 0], "texture": "#3"},
				"east": {"uv": [0, 0, 0.25, 0], "texture": "#3"},
				"south": {"uv": [0, 0, 1, 0], "texture": "#3"},
				"west": {"uv": [0, 0, 0.25, 0], "texture": "#3"},
				"up": {"uv": [8.25, 10.75, 7.25, 10.5], "texture": "#3"},
				"down": {"uv": [9.25, 10.5, 8.25, 10.75], "texture": "#3"}
			}
		}
	],
	"display": {
		"thirdperson_righthand": {
			"rotation": [0, 53, 0],
			"translation": [0, 3.75, 0],
			"scale": [0.5, 0.5, 0.5]
		},
		"thirdperson_lefthand": {
			"rotation": [0, 53, 0],
			"translation": [0, 3.75, 0],
			"scale": [0.5, 0.5, 0.5]
		},
		"firstperson_righthand": {
			"rotation": [0, 42, 0],
			"translation": [1.75, 3, 0]
		},
		"firstperson_lefthand": {
			"rotation": [0, -133, 0],
			"translation": [5, 3, 0]
		},
		"ground": {
			"translation": [0, 4.5, 0],
			"scale": [0.8, 0.8, 0.8]
		},
		"gui": {
			"rotation": [22.5, -157.5, 0],
			"translation": [1, 2.75, 0]
		},
		"head": {
			"rotation": [0, 67.5, 0],
			"translation": [-1, 16.5, 0.75],
			"scale": [1.82, 1.82, 1.82]
		},
		"fixed": {
			"rotation": [0, 67.5, 0],
			"translation": [0, 0, -4]
		}
	},
	"groups": [
		0,
		1,
		2,
		3,
		4,
		5,
		6,
		7,
		{
			"name": "Bird",
			"origin": [10.5, 18.5, 5.5],
			"color": 0,
			"children": [8, 9, 10, 11, 12, 13, 14, 15, 16, 17, 18, 19, 20, 21]
		}
	]
}