{
	"credit": "Made with Blockbench",
	"texture_size": [64, 64],
	"textures": {
		"1": "straw_hat"
	},
	"elements": [
		{
			"from": [3.72736, 5.47, 6.79843],
			"to": [11.78736, 9.53, 14.85843],
			"rotation": {"angle": 45, "axis": "y", "origin": [7.75736, 7.5, 10.82843]},
			"faces": {
				"north": {"uv": [8, 3, 10, 4], "texture": "#1"},
				"east": {"uv": [8, 4, 10, 5], "texture": "#1"},
				"south": {"uv": [8, 5, 10, 6], "texture": "#1"},
				"west": {"uv": [8, 2, 10, 3], "texture": "#1"},
				"up": {"uv": [8, 4, 6, 2], "rotation": 270, "texture": "#1"},
				"down": {"uv": [8, 4, 6, 6], "rotation": 90, "texture": "#1"}
			}
		},
		{
			"from": [3.97, 7.47, 3.97],
			"to": [12.03, 11.53, 12.03],
			"rotation": {"angle": 45, "axis": "y", "origin": [11.29289, 7.75, 9.70711]},
			"faces": {
				"north": {"uv": [0, 8, 2, 9], "texture": "#1"},
				"east": {"uv": [8, 0, 10, 1], "texture": "#1"},
				"south": {"uv": [8, 1, 10, 2], "texture": "#1"},
				"west": {"uv": [2, 8, 4, 9], "texture": "#1"},
				"up": {"uv": [6, 6.5, 4, 4.5], "texture": "#1"},
				"down": {"uv": [8, 0, 6, 2], "texture": "#1"}
			}
		},
		{
			"from": [4, 5.5, 4],
			"to": [12, 9.5, 12],
			"rotation": {"angle": 45, "axis": "y", "origin": [11.29289, 7.75, 9.70711]},
			"faces": {
				"north": {"uv": [6, 8, 8, 9], "texture": "#1"},
				"east": {"uv": [8, 6, 10, 7], "texture": "#1"},
				"south": {"uv": [8, 7, 10, 8], "texture": "#1"},
				"west": {"uv": [8, 8, 10, 9], "texture": "#1"},
				"up": {"uv": [8, 8, 6, 6], "texture": "#1"},
				"down": {"uv": [6, 6.5, 4, 8.5], "texture": "#1"}
			}
		},
		{
			"from": [10.02843, 4.4, 8.58579],
			"to": [18.02843, 13.4, 8.58579],
			"rotation": {"angle": -22.5, "axis": "z", "origin": [14.82843, 10, 8.58579]},
			"faces": {
				"north": {"uv": [4, 0, 6, 2.25], "texture": "#1"},
				"east": {"uv": [4, 0, 6, 2.25], "texture": "#1"},
				"south": {"uv": [6, 0, 4, 2.25], "texture": "#1"},
				"west": {"uv": [4, 0, 6, 2.25], "texture": "#1"},
				"up": {"uv": [4, 0, 6, 2.25], "texture": "#1"},
				"down": {"uv": [4, 0, 6, 2.25], "texture": "#1"}
			}
		},
		{
			"from": [0, 5.5, 0],
			"to": [16, 5.5, 16],
			"rotation": {"angle": 45, "axis": "y", "origin": [11.29289, 7.75, 9.70711]},
			"faces": {
				"north": {"uv": [0, 0, 4, 0], "texture": "#1"},
				"east": {"uv": [0, 0, 4, 0], "texture": "#1"},
				"south": {"uv": [0, 0, 4, 0], "texture": "#1"},
				"west": {"uv": [0, 0, 4, 0], "texture": "#1"},
				"up": {"uv": [4, 4, 0, 0], "texture": "#1"},
				"down": {"uv": [4, 4, 0, 8], "texture": "#1"}
			}
		}
	],
	"display": {
		"thirdperson_righthand": {
			"translation": [0, 1.5, -0.75],
			"scale": [0.5, 0.5, 0.5]
		},
		"thirdperson_lefthand": {
			"translation": [0, 1.5, -0.75],
			"scale": [0.5, 0.5, 0.5]
		},
		"firstperson_righthand": {
			"translation": [5.75, -0.75, 0]
		},
		"firstperson_lefthand": {
			"translation": [5.75, -0.75, 0]
		},
		"ground": {
			"translation": [0, 0, -2.5],
			"scale": [0.7, 0.7, 0.7]
		},
		"gui": {
			"rotation": [22.5, 0, 0],
			"translation": [0.25, 0, 0],
			"scale": [0.85, 0.85, 0.85]
		},
		"head": {
			"rotation": [0, -45, 0],
			"translation": [4, 4.5, -3.25],
			"scale": [1.82, 1.82, 1.82]
		},
		"fixed": {
			"rotation": [0, -45, 0],
			"translation": [2, 0, -5.5]
		}
	}
}