{
	"credit": "Made with Blockbench",
	"texture_size": [64, 64],
	"textures": {
		"3": "tilly_hat"
	},
	"elements": [
		{
			"from": [0, 0, 0],
			"to": [16, 0, 16],
			"rotation": {"angle": 0, "axis": "y", "origin": [8, 1.25, 8]},
			"faces": {
				"north": {"uv": [0, 0, 4, 0], "texture": "#3"},
				"east": {"uv": [0, 0, 4, 0], "texture": "#3"},
				"south": {"uv": [0, 0, 4, 0], "texture": "#3"},
				"west": {"uv": [0, 0, 4, 0], "texture": "#3"},
				"up": {"uv": [4, 4, 0, 0], "texture": "#3"},
				"down": {"uv": [4, 4, 0, 8], "texture": "#3"}
			}
		},
		{
			"from": [0, -1, 0],
			"to": [16, -1, 16],
			"rotation": {"angle": 0, "axis": "y", "origin": [8, 14.75, 8]},
			"faces": {
				"north": {"uv": [0, 0, 4, 0], "texture": "#3"},
				"east": {"uv": [0, 0, 4, 0], "texture": "#3"},
				"south": {"uv": [0, 0, 4, 0], "texture": "#3"},
				"west": {"uv": [0, 0, 4, 0], "texture": "#3"},
				"up": {"uv": [8, 4, 4, 0], "texture": "#3"},
				"down": {"uv": [8, 4, 4, 8], "texture": "#3"}
			}
		},
		{
			"from": [4.51, -0.99, -0.43975],
			"to": [11.49, -0.01, 1.54025],
			"rotation": {"angle": -22.5, "axis": "y", "origin": [8, -0.5, 8]},
			"faces": {
				"north": {"uv": [10, 10, 11.75, 10.25], "texture": "#3"},
				"east": {"uv": [6, 10.5, 6.5, 10.75], "texture": "#3"},
				"south": {"uv": [6, 10.25, 7.75, 10.5], "texture": "#3"},
				"west": {"uv": [6.5, 10.5, 7, 10.75], "texture": "#3"},
				"up": {"uv": [7.75, 9.75, 6, 9.25], "texture": "#3"},
				"down": {"uv": [7.75, 9.75, 6, 10.25], "texture": "#3"}
			}
		},
		{
			"from": [14.45975, -0.99, 4.51],
			"to": [16.43975, -0.01, 11.49],
			"rotation": {"angle": 22.5, "axis": "y", "origin": [8, -0.5, 8]},
			"faces": {
				"north": {"uv": [7, 10.5, 7.5, 10.75], "texture": "#3"},
				"east": {"uv": [7.75, 10.25, 9.5, 10.5], "texture": "#3"},
				"south": {"uv": [10.5, 7, 11, 7.25], "texture": "#3"},
				"west": {"uv": [9.5, 10.25, 11.25, 10.5], "texture": "#3"},
				"up": {"uv": [0.5, 11.75, 0, 10], "texture": "#3"},
				"down": {"uv": [10.5, 0, 10, 1.75], "texture": "#3"}
			}
		},
		{
			"from": [4.51, -0.99, 14.45975],
			"to": [11.49, -0.01, 16.43975],
			"rotation": {"angle": 22.5, "axis": "y", "origin": [8, -0.5, 8]},
			"faces": {
				"north": {"uv": [10.5, 0.5, 12.25, 0.75], "texture": "#3"},
				"east": {"uv": [10.5, 7.5, 11, 7.75], "texture": "#3"},
				"south": {"uv": [10.5, 0.75, 12.25, 1], "texture": "#3"},
				"west": {"uv": [10.5, 7.75, 11, 8], "texture": "#3"},
				"up": {"uv": [3.25, 10.5, 1.5, 10], "texture": "#3"},
				"down": {"uv": [11.75, 1.75, 10, 2.25], "texture": "#3"}
			}
		},
		{
			"from": [14.45975, -0.99, 4.51],
			"to": [16.43975, -0.01, 11.49],
			"rotation": {"angle": -22.5, "axis": "y", "origin": [8, -0.5, 8]},
			"faces": {
				"north": {"uv": [10.5, 7.25, 11, 7.5], "texture": "#3"},
				"east": {"uv": [10.5, 0, 12.25, 0.25], "texture": "#3"},
				"south": {"uv": [7.5, 10.5, 8, 10.75], "texture": "#3"},
				"west": {"uv": [10.5, 0.25, 12.25, 0.5], "texture": "#3"},
				"up": {"uv": [1, 11.75, 0.5, 10], "texture": "#3"},
				"down": {"uv": [1.5, 10, 1, 11.75], "texture": "#3"}
			}
		},
		{
			"from": [4.51, -0.99, 14.45975],
			"to": [11.49, -0.01, 16.43975],
			"rotation": {"angle": -22.5, "axis": "y", "origin": [8, -0.5, 8]},
			"faces": {
				"north": {"uv": [3.75, 10.5, 5.5, 10.75], "texture": "#3"},
				"east": {"uv": [10, 10.5, 10.5, 10.75], "texture": "#3"},
				"south": {"uv": [10.5, 3.75, 12.25, 4], "texture": "#3"},
				"west": {"uv": [10.5, 10.5, 11, 10.75], "texture": "#3"},
				"up": {"uv": [11.75, 9, 10, 8.5], "texture": "#3"},
				"down": {"uv": [11.75, 9, 10, 9.5], "texture": "#3"}
			}
		},
		{
			"from": [-0.43975, -0.99, 4.51],
			"to": [1.54025, -0.01, 11.49],
			"rotation": {"angle": 22.5, "axis": "y", "origin": [8, -0.5, 8]},
			"faces": {
				"north": {"uv": [9, 10.5, 9.5, 10.75], "texture": "#3"},
				"east": {"uv": [10.5, 3.25, 12.25, 3.5], "texture": "#3"},
				"south": {"uv": [9.5, 10.5, 10, 10.75], "texture": "#3"},
				"west": {"uv": [10.5, 3.5, 12.25, 3.75], "texture": "#3"},
				"up": {"uv": [10.5, 6.75, 10, 5], "texture": "#3"},
				"down": {"uv": [10.5, 6.75, 10, 8.5], "texture": "#3"}
			}
		},
		{
			"from": [-0.43975, -0.99, 4.51],
			"to": [1.54025, -0.01, 11.49],
			"rotation": {"angle": -22.5, "axis": "y", "origin": [8, -0.5, 8]},
			"faces": {
				"north": {"uv": [10.5, 8.25, 11, 8.5], "texture": "#3"},
				"east": {"uv": [1.5, 10.5, 3.25, 10.75], "texture": "#3"},
				"south": {"uv": [8.5, 10.5, 9, 10.75], "texture": "#3"},
				"west": {"uv": [10.5, 1.5, 12.25, 1.75], "texture": "#3"},
				"up": {"uv": [3.75, 11.75, 3.25, 10], "texture": "#3"},
				"down": {"uv": [10.5, 3.25, 10, 5], "texture": "#3"}
			}
		},
		{
			"from": [4.51, -0.99, -0.43975],
			"to": [11.49, -0.01, 1.54025],
			"rotation": {"angle": 22.5, "axis": "y", "origin": [8, -0.5, 8]},
			"faces": {
				"north": {"uv": [10.5, 1, 12.25, 1.25], "texture": "#3"},
				"east": {"uv": [8, 10.5, 8.5, 10.75], "texture": "#3"},
				"south": {"uv": [10.5, 1.25, 12.25, 1.5], "texture": "#3"},
				"west": {"uv": [10.5, 8, 11, 8.25], "texture": "#3"},
				"up": {"uv": [11.75, 2.75, 10, 2.25], "texture": "#3"},
				"down": {"uv": [11.75, 2.75, 10, 3.25], "texture": "#3"}
			}
		},
		{
			"from": [3.97, -1.03, 3.97],
			"to": [12.03, 4.03, 12.03],
			"rotation": {"angle": 0, "axis": "y", "origin": [8, 1.25, 8]},
			"faces": {
				"north": {"uv": [4, 8, 6, 9.25], "texture": "#3"},
				"east": {"uv": [8, 4, 10, 5.25], "texture": "#3"},
				"south": {"uv": [8, 5.25, 10, 6.5], "texture": "#3"},
				"west": {"uv": [6, 8, 8, 9.25], "texture": "#3"},
				"up": {"uv": [2, 10, 0, 8], "texture": "#3"},
				"down": {"uv": [10, 0, 8, 2], "texture": "#3"}
			}
		},
		{
			"from": [4, -1, 4],
			"to": [12, 4, 12],
			"rotation": {"angle": 0, "axis": "y", "origin": [8, 1.25, 8]},
			"faces": {
				"north": {"uv": [8, 6.5, 10, 7.75], "texture": "#3"},
				"east": {"uv": [8, 7.75, 10, 9], "texture": "#3"},
				"south": {"uv": [8, 9, 10, 10.25], "texture": "#3"},
				"west": {"uv": [4, 9.25, 6, 10.5], "texture": "#3"},
				"up": {"uv": [4, 10, 2, 8], "texture": "#3"},
				"down": {"uv": [10, 2, 8, 4], "texture": "#3"}
			}
		},
		{
			"from": [4, -5, 5.5],
			"to": [12, -5, 6.5],
			"rotation": {"angle": 22.5, "axis": "x", "origin": [8, -3.5, 6]},
			"faces": {
				"north": {"uv": [0, 0, 2, 0], "texture": "#3"},
				"east": {"uv": [0, 0, 0.25, 0], "texture": "#3"},
				"south": {"uv": [0, 0, 2, 0], "texture": "#3"},
				"west": {"uv": [0, 0, 0.25, 0], "texture": "#3"},
				"up": {"uv": [12, 9.75, 10, 9.5], "texture": "#3"},
				"down": {"uv": [12, 9.75, 10, 10], "texture": "#3"}
			}
		},
		{
			"from": [12, -5, 5.5],
			"to": [12, 1, 6.5],
			"rotation": {"angle": 22.5, "axis": "x", "origin": [8, -3.5, 6]},
			"faces": {
				"north": {"uv": [0, 0, 0, 1.5], "texture": "#3"},
				"east": {"uv": [10.5, 4, 10.75, 5.5], "texture": "#3"},
				"south": {"uv": [0, 0, 0, 1.5], "texture": "#3"},
				"west": {"uv": [5.5, 10.5, 5.75, 12], "texture": "#3"},
				"up": {"uv": [0, 0.25, 0, 0], "texture": "#3"},
				"down": {"uv": [0, 0, 0, 0.25], "texture": "#3"}
			}
		},
		{
			"from": [4, -5, 5.5],
			"to": [4, 1, 6.5],
			"rotation": {"angle": 22.5, "axis": "x", "origin": [8, -3.5, 6]},
			"faces": {
				"north": {"uv": [0, 0, 0, 1.5], "texture": "#3"},
				"east": {"uv": [10.5, 5.5, 10.75, 7], "texture": "#3"},
				"south": {"uv": [0, 0, 0, 1.5], "texture": "#3"},
				"west": {"uv": [5.75, 10.5, 6, 12], "texture": "#3"},
				"up": {"uv": [0, 0.25, 0, 0], "texture": "#3"},
				"down": {"uv": [0, 0, 0, 0.25], "texture": "#3"}
			}
		}
	],
	"display": {
		"thirdperson_righthand": {
			"translation": [0, 4.75, 0],
			"scale": [0.5, 0.5, 0.5]
		},
		"thirdperson_lefthand": {
			"translation": [0, 4.75, 0],
			"scale": [0.5, 0.5, 0.5]
		},
		"firstperson_righthand": {
			"translation": [6.75, 4, 0]
		},
		"firstperson_lefthand": {
			"translation": [6.75, 4, 0]
		},
		"ground": {
			"translation": [0, 6.5, 0],
			"scale": [0.8, 0.8, 0.8]
		},
		"gui": {
			"rotation": [22.5, 135, 0],
			"translation": [0, 5.5, 0],
			"scale": [0.8, 0.8, 0.8]
		},
		"head": {
			"translation": [0, 16.75, 0],
			"scale": [1.82, 1.82, 1.82]
		},
		"fixed": {
			"translation": [0, 8.5, 0]
		}
	}
}