{
	"credit": "Made with Blockbench",
	"texture_size": [32, 32],
	"textures": {
		"1": "yellow_lumberjack_hat"
	},
	"elements": [
		{
			"from": [4, 6.5, 4],
			"to": [12, 9.5, 12],
			"rotation": {"angle": 0, "axis": "y", "origin": [8, 8, 8]},
			"faces": {
				"north": {"uv": [0, 8, 4, 9.5], "texture": "#1"},
				"east": {"uv": [8, 0, 12, 1.5], "texture": "#1"},
				"south": {"uv": [8, 1.5, 12, 3], "texture": "#1"},
				"west": {"uv": [8, 3, 12, 4.5], "texture": "#1"},
				"up": {"uv": [4, 4, 0, 0], "texture": "#1"},
				"down": {"uv": [4, 4, 0, 8], "texture": "#1"}
			}
		},
		{
			"from": [12.5731, 3.6138, 4],
			"to": [12.5731, 6.6138, 12],
			"rotation": {"angle": 22.5, "axis": "z", "origin": [12.5731, 5.1138, 8]},
			"faces": {
				"north": {"uv": [0, 0, 0, 1.5], "texture": "#1"},
				"east": {"uv": [8, 6, 12, 7.5], "texture": "#1"},
				"south": {"uv": [0, 0, 0, 1.5], "texture": "#1"},
				"west": {"uv": [8, 7.5, 12, 9], "texture": "#1"},
				"up": {"uv": [0, 4, 0, 0], "texture": "#1"},
				"down": {"uv": [0, 0, 0, 4], "texture": "#1"}
			}
		},
		{
			"from": [3.4269, 3.6138, 4],
			"to": [3.4269, 6.6138, 12],
			"rotation": {"angle": -22.5, "axis": "z", "origin": [3.4269, 5.1138, 8]},
			"faces": {
				"north": {"uv": [0, 0, 0, 1.5], "texture": "#1"},
				"east": {"uv": [8, 9, 12, 10.5], "texture": "#1"},
				"south": {"uv": [0, 0, 0, 1.5], "texture": "#1"},
				"west": {"uv": [0, 9.5, 4, 11], "texture": "#1"},
				"up": {"uv": [0, 4, 0, 0], "texture": "#1"},
				"down": {"uv": [0, 0, 0, 4], "texture": "#1"}
			}
		},
		{
			"from": [3.95, 6.45, 3.95],
			"to": [12.05, 10.55, 7.05],
			"rotation": {"angle": 0, "axis": "y", "origin": [8, 8, 8]},
			"faces": {
				"north": {"uv": [4, 4, 8, 6], "texture": "#1"},
				"east": {"uv": [4, 9.5, 5.5, 11.5], "texture": "#1"},
				"south": {"uv": [4, 6, 8, 8], "texture": "#1"},
				"west": {"uv": [5.5, 9.5, 7, 11.5], "texture": "#1"},
				"up": {"uv": [8, 9.5, 4, 8], "texture": "#1"},
				"down": {"uv": [12, 4.5, 8, 6], "texture": "#1"}
			}
		},
		{
			"from": [3.95, 6.45, 4.95],
			"to": [12.05, 10.55, 6.05],
			"rotation": {"angle": 0, "axis": "y", "origin": [8, 8, 8]},
			"faces": {
				"north": {"uv": [4, 0, 8, 2], "texture": "#1"},
				"east": {"uv": [7, 11, 7.5, 13], "texture": "#1"},
				"south": {"uv": [4, 2, 8, 4], "texture": "#1"},
				"west": {"uv": [7.5, 11, 8, 13], "texture": "#1"},
				"up": {"uv": [11, 11, 7, 10.5], "texture": "#1"},
				"down": {"uv": [4, 11, 0, 11.5], "texture": "#1"}
			}
		}
	],
	"display": {
		"thirdperson_righthand": {
			"scale": [0.8, 0.8, 0.8]
		},
		"thirdperson_lefthand": {
			"scale": [0.8, 0.8, 0.8]
		},
		"firstperson_righthand": {
			"translation": [5.5, -3, 0]
		},
		"firstperson_lefthand": {
			"translation": [5.5, -3, 0]
		},
		"gui": {
			"rotation": [22.5, 135, 0]
		},
		"head": {
			"translation": [0, 4.5, 0],
			"scale": [1.84, 1.84, 1.84]
		}
	}
}