{
	"credit": "Made with Blockbench",
	"texture_size": [32, 32],
	"textures": {
		"2": "axe_hat"
	},
	"elements": [
		{
			"from": [4, 4.5, 6],
			"to": [6, 18.5, 8],
			"rotation": {"angle": 0, "axis": "y", "origin": [4, 5.5, 4]},
			"faces": {
				"north": {"uv": [0, 5, 1, 12], "texture": "#2"},
				"east": {"uv": [1, 5, 2, 12], "texture": "#2"},
				"south": {"uv": [2, 5, 3, 12], "texture": "#2"},
				"west": {"uv": [3, 5, 4, 12], "texture": "#2"},
				"up": {"uv": [8, 10.5, 7, 9.5], "texture": "#2"},
				"down": {"uv": [10.5, 8.5, 9.5, 9.5], "texture": "#2"}
			}
		},
		{
			"from": [3.95, 4.45, 5.95],
			"to": [6.05, 9.55, 8.05],
			"rotation": {"angle": 0, "axis": "y", "origin": [4, 5.5, 4]},
			"faces": {
				"north": {"uv": [7, 7, 8, 9.5], "texture": "#2"},
				"east": {"uv": [8, 4, 9, 6.5], "texture": "#2"},
				"south": {"uv": [8, 6.5, 9, 9], "texture": "#2"},
				"west": {"uv": [9, 4, 10, 6.5], "texture": "#2"},
				"up": {"uv": [5, 11, 4, 10], "texture": "#2"},
				"down": {"uv": [6, 10, 5, 11], "texture": "#2"}
			}
		},
		{
			"from": [3.95, 11.45, 5.95],
			"to": [6.05, 12.55, 8.05],
			"rotation": {"angle": 0, "axis": "y", "origin": [4, 5.5, 4]},
			"faces": {
				"north": {"uv": [11, 0, 12, 0.5], "texture": "#2"},
				"east": {"uv": [11, 0.5, 12, 1], "texture": "#2"},
				"south": {"uv": [4, 11, 5, 11.5], "texture": "#2"},
				"west": {"uv": [5, 11, 6, 11.5], "texture": "#2"},
				"up": {"uv": [11.5, 5, 10.5, 4], "texture": "#2"},
				"down": {"uv": [8, 10.5, 7, 11.5], "texture": "#2"}
			}
		},
		{
			"from": [4.45, 15.45, 5.95],
			"to": [5.55, 16.55, 8.05],
			"rotation": {"angle": 45, "axis": "z", "origin": [5, 16, 7]},
			"faces": {
				"north": {"uv": [9, 8.5, 9.5, 9], "texture": "#2"},
				"east": {"uv": [10.5, 9, 11.5, 9.5], "texture": "#2"},
				"south": {"uv": [11, 5, 11.5, 5.5], "texture": "#2"},
				"west": {"uv": [9.5, 10.5, 10.5, 11], "texture": "#2"},
				"up": {"uv": [11, 10.5, 10.5, 9.5], "texture": "#2"},
				"down": {"uv": [11, 10.5, 10.5, 11.5], "texture": "#2"}
			}
		},
		{
			"from": [4.97817, 9.97157, 7],
			"to": [11.97817, 19.97157, 7],
			"rotation": {"angle": 0, "axis": "y", "origin": [7.04497, 12.66475, 7]},
			"faces": {
				"north": {"uv": [0, 0, 3.5, 5], "texture": "#2"},
				"east": {"uv": [0, 0, 0, 5], "texture": "#2"},
				"south": {"uv": [3.5, 0, 7, 5], "texture": "#2"},
				"west": {"uv": [0, 0, 0, 5], "texture": "#2"},
				"up": {"uv": [3.5, 0, 0, 0], "texture": "#2"},
				"down": {"uv": [3.5, 0, 0, 0], "texture": "#2"}
			}
		},
		{
			"from": [3, 14, 6.5],
			"to": [9, 18, 7.5],
			"rotation": {"angle": 0, "axis": "y", "origin": [4, 5.5, 4]},
			"faces": {
				"north": {"uv": [4, 5, 7, 7], "texture": "#2"},
				"east": {"uv": [10, 1, 10.5, 3], "texture": "#2"},
				"south": {"uv": [7, 0, 10, 2], "texture": "#2"},
				"west": {"uv": [10, 3, 10.5, 5], "texture": "#2"},
				"up": {"uv": [12, 7, 9, 6.5], "texture": "#2"},
				"down": {"uv": [12, 7, 9, 7.5], "texture": "#2"}
			}
		},
		{
			"from": [0, 16, 6.5],
			"to": [3, 18, 7.5],
			"rotation": {"angle": 0, "axis": "y", "origin": [4, 5.5, 4]},
			"faces": {
				"north": {"uv": [9, 7.5, 10.5, 8.5], "texture": "#2"},
				"east": {"uv": [9, 10, 9.5, 11], "texture": "#2"},
				"south": {"uv": [8, 9, 9.5, 10], "texture": "#2"},
				"west": {"uv": [10.5, 8, 11, 9], "texture": "#2"},
				"up": {"uv": [11.5, 6.5, 10, 6], "texture": "#2"},
				"down": {"uv": [12, 7.5, 10.5, 8], "texture": "#2"}
			}
		},
		{
			"from": [2.92807, -0.88896, 6],
			"to": [4.92807, 5.11104, 8],
			"rotation": {"angle": -22.5, "axis": "z", "origin": [3.92807, 2.11104, 7]},
			"faces": {
				"north": {"uv": [4, 7, 5, 10], "texture": "#2"},
				"east": {"uv": [7, 4, 8, 7], "texture": "#2"},
				"south": {"uv": [5, 7, 6, 10], "texture": "#2"},
				"west": {"uv": [6, 7, 7, 10], "texture": "#2"},
				"up": {"uv": [10.5, 10.5, 9.5, 9.5], "texture": "#2"},
				"down": {"uv": [11, 0, 10, 1], "texture": "#2"}
			}
		},
		{
			"from": [2.87807, -0.93896, 5.95],
			"to": [4.97807, 1.16104, 8.05],
			"rotation": {"angle": -22.5, "axis": "z", "origin": [3.92807, 2.11104, 7]},
			"faces": {
				"north": {"uv": [10, 5, 11, 6], "texture": "#2"},
				"east": {"uv": [6, 10, 7, 11], "texture": "#2"},
				"south": {"uv": [8, 10, 9, 11], "texture": "#2"},
				"west": {"uv": [10.5, 1, 11.5, 2], "texture": "#2"},
				"up": {"uv": [11.5, 3, 10.5, 2], "texture": "#2"},
				"down": {"uv": [11.5, 3, 10.5, 4], "texture": "#2"}
			}
		}
	],
	"display": {
		"thirdperson_righthand": {
			"rotation": [0, 90, 0],
			"translation": [1.25, -1.25, -1.75]
		},
		"thirdperson_lefthand": {
			"rotation": [0, -90, 0],
			"translation": [-1.25, -1.25, -1.75]
		},
		"firstperson_righthand": {
			"rotation": [0, 90, 0],
			"translation": [6, -3.75, -1.75]
		},
		"firstperson_lefthand": {
			"rotation": [0, -90, 0],
			"translation": [4, -3.75, -1.75]
		},
		"ground": {
			"rotation": [57, 0, 0],
			"translation": [0, 1.5, 0],
			"scale": [0.8, 0.8, 0.8]
		},
		"gui": {
			"rotation": [0, -180, 45],
			"translation": [-2.75, -0.25, 0],
			"scale": [0.8, 0.8, 0.8]
		},
		"head": {
			"rotation": [0, 45, -116],
			"translation": [0, 14.25, 2.25],
			"scale": [1.5, 1.5, 1.5]
		},
		"fixed": {
			"translation": [0.75, -0.75, 0],
			"scale": [0.8, 0.8, 0.8]
		}
	}
}