{
	"credit": "Made with Blockbench",
	"texture_size": [32, 32],
	"textures": {
		"1": "bee_bucket_hat"
	},
	"elements": [
		{
			"from": [4, 6.63315, 4],
			"to": [12, 9.63315, 12],
			"rotation": {"angle": 0, "axis": "y", "origin": [-1, 0.63315, 0]},
			"faces": {
				"north": {"uv": [8, 8, 12, 9.5], "texture": "#1"},
				"east": {"uv": [9.5, 0, 13.5, 1.5], "texture": "#1"},
				"south": {"uv": [9.5, 1.5, 13.5, 3], "texture": "#1"},
				"west": {"uv": [9.5, 3, 13.5, 4.5], "texture": "#1"},
				"up": {"uv": [4, 4, 0, 0], "texture": "#1"},
				"down": {"uv": [4, 4, 0, 8], "texture": "#1"}
			}
		},
		{
			"from": [9.5, 6.63315, 4],
			"to": [9.5, 12.63315, 6],
			"rotation": {"angle": -22.5, "axis": "x", "origin": [9, 9.63315, 5]},
			"faces": {
				"north": {"uv": [0, 0, 0, 3], "texture": "#1"},
				"east": {"uv": [8, 9.5, 9, 12.5], "texture": "#1"},
				"south": {"uv": [0, 0, 0, 3], "texture": "#1"},
				"west": {"uv": [9, 9.5, 10, 12.5], "texture": "#1"},
				"up": {"uv": [0, 1, 0, 0], "texture": "#1"},
				"down": {"uv": [0, 0, 0, 1], "texture": "#1"}
			}
		},
		{
			"from": [6.5, 6.63315, 4],
			"to": [6.5, 12.63315, 6],
			"rotation": {"angle": -22.5, "axis": "x", "origin": [7, 9.63315, 5]},
			"faces": {
				"north": {"uv": [0, 0, 0, 3], "texture": "#1"},
				"east": {"uv": [10, 9.5, 9, 12.5], "texture": "#1"},
				"south": {"uv": [0, 0, 0, 3], "texture": "#1"},
				"west": {"uv": [9, 9.5, 8, 12.5], "texture": "#1"},
				"up": {"uv": [0, 1, 0, 0], "texture": "#1"},
				"down": {"uv": [0, 0, 0, 1], "texture": "#1"}
			}
		},
		{
			"from": [11, 9.63315, 8],
			"to": [15, 12.63315, 8],
			"rotation": {"angle": 22.5, "axis": "z", "origin": [14, 10.13315, 8]},
			"faces": {
				"north": {"uv": [10, 9.5, 12, 11], "texture": "#1"},
				"east": {"uv": [0, 0, 0, 1.5], "texture": "#1"},
				"south": {"uv": [10, 11, 12, 12.5], "texture": "#1"},
				"west": {"uv": [0, 0, 0, 1.5], "texture": "#1"},
				"up": {"uv": [2, 0, 0, 0], "texture": "#1"},
				"down": {"uv": [2, 0, 0, 0], "texture": "#1"}
			}
		},
		{
			"from": [1, 9.63315, 8],
			"to": [5, 12.63315, 8],
			"rotation": {"angle": -22.5, "axis": "z", "origin": [2, 10.13315, 8]},
			"faces": {
				"north": {"uv": [12, 7.5, 14, 9], "texture": "#1"},
				"east": {"uv": [0, 0, 0, 1.5], "texture": "#1"},
				"south": {"uv": [12, 9, 14, 10.5], "texture": "#1"},
				"west": {"uv": [0, 0, 0, 1.5], "texture": "#1"},
				"up": {"uv": [2, 0, 0, 0], "texture": "#1"},
				"down": {"uv": [2, 0, 0, 0], "texture": "#1"}
			}
		},
		{
			"from": [8, 6.63315, 6],
			"to": [8, 9.63315, 14],
			"rotation": {"angle": 0, "axis": "y", "origin": [-1, 0.63315, 0]},
			"faces": {
				"north": {"uv": [0, 0, 0, 1.5], "texture": "#1"},
				"east": {"uv": [9.5, 4.5, 13.5, 6], "texture": "#1"},
				"south": {"uv": [0, 0, 0, 1.5], "texture": "#1"},
				"west": {"uv": [9.5, 6, 13.5, 7.5], "texture": "#1"},
				"up": {"uv": [0, 4, 0, 0], "texture": "#1"},
				"down": {"uv": [0, 0, 0, 4], "texture": "#1"}
			}
		},
		{
			"from": [2.5, 5.21822, 0.58649],
			"to": [13.5, 5.21822, 4.58649],
			"rotation": {"angle": -45, "axis": "x", "origin": [9.5, 5.21822, 2.58649]},
			"faces": {
				"north": {"uv": [0, 0, 5.5, 0], "texture": "#1"},
				"east": {"uv": [0, 0, 2, 0], "texture": "#1"},
				"south": {"uv": [0, 0, 5.5, 0], "texture": "#1"},
				"west": {"uv": [0, 0, 2, 0], "texture": "#1"},
				"up": {"uv": [9.5, 2, 4, 0], "texture": "#1"},
				"down": {"uv": [9.5, 2, 4, 4], "texture": "#1"}
			}
		},
		{
			"from": [2.5, 5.21822, 11.41351],
			"to": [13.5, 5.21822, 15.41351],
			"rotation": {"angle": 45, "axis": "x", "origin": [9.5, 5.21822, 13.41351]},
			"faces": {
				"north": {"uv": [0, 0, 5.5, 0], "texture": "#1"},
				"east": {"uv": [0, 0, 2, 0], "texture": "#1"},
				"south": {"uv": [0, 0, 5.5, 0], "texture": "#1"},
				"west": {"uv": [0, 0, 2, 0], "texture": "#1"},
				"up": {"uv": [9.5, 6, 4, 4], "texture": "#1"},
				"down": {"uv": [9.5, 6, 4, 8], "texture": "#1"}
			}
		},
		{
			"from": [2.17207, 9.04615, 2.5],
			"to": [6.17207, 9.04615, 13.5],
			"rotation": {"angle": 45, "axis": "z", "origin": [8, 5.21822, 8]},
			"faces": {
				"north": {"uv": [2, 13.5, 0, 8], "texture": "#1"},
				"east": {"uv": [2, 13.5, 0, 8], "texture": "#1"},
				"south": {"uv": [2, 13.5, 0, 8], "texture": "#1"},
				"west": {"uv": [2, 13.5, 0, 8], "texture": "#1"},
				"up": {"uv": [2, 13.5, 0, 8], "texture": "#1"},
				"down": {"uv": [2, 13.5, 0, 8], "texture": "#1"}
			}
		},
		{
			"from": [9.82793, 9.04615, 2.5],
			"to": [13.82793, 9.04615, 13.5],
			"rotation": {"angle": -45, "axis": "z", "origin": [8, 5.21822, 8]},
			"faces": {
				"north": {"uv": [6, 13.5, 4, 8], "texture": "#1"},
				"east": {"uv": [6, 13.5, 4, 8], "texture": "#1"},
				"south": {"uv": [6, 13.5, 4, 8], "texture": "#1"},
				"west": {"uv": [6, 13.5, 4, 8], "texture": "#1"},
				"up": {"uv": [6, 13.5, 4, 8], "texture": "#1"},
				"down": {"uv": [6, 13.5, 4, 8], "texture": "#1"}
			}
		}
	],
	"display": {
		"thirdperson_righthand": {
			"translation": [0, 0.25, 0.25],
			"scale": [0.5, 0.5, 0.5]
		},
		"thirdperson_lefthand": {
			"translation": [0, 0.25, 0.25],
			"scale": [0.5, 0.5, 0.5]
		},
		"firstperson_righthand": {
			"translation": [3.75, -2.25, 0]
		},
		"firstperson_lefthand": {
			"translation": [3.75, -2.25, 0]
		},
		"ground": {
			"scale": [0.8, 0.8, 0.8]
		},
		"gui": {
			"rotation": [22.5, 135, 0]
		},
		"head": {
			"translation": [0, 5.25, 0],
			"scale": [1.81, 1.81, 1.81]
		},
		"fixed": {
			"translation": [0, 0, -0.5]
		}
	}
}