{
  "parent": "minecraft:block/carved_pumpkin",
  "overrides": [
	{
		"predicate": {
			"custom_model_data": 2001
		},
		"model": "item/advancement_angler_level1"
	},
	{
		"predicate": {
			"custom_model_data": 2002
		},
		"model": "item/advancement_angler_level2"
	},
	{
		"predicate": {
			"custom_model_data": 2003
		},
		"model": "item/advancement_angler_level3"
	},
	{
		"predicate": {
			"custom_model_data": 2004
		},
		"model": "item/advancement_angler_level4"
	},
	{
		"predicate": {
			"custom_model_data": 2005
		},
		"model": "item/advancement_angler_level5"
	},
	{
		"predicate": {
			"custom_model_data": 2006
		},
		"model": "item/advancement_blacksmith_level1"
	},
	{
		"predicate": {
			"custom_model_data": 2007
		},
		"model": "item/advancement_campcook_level1"
	},
	{
		"predicate": {
			"custom_model_data": 2008
		},
		"model": "item/advancement_campfires_level1"
	},
	{
		"predicate": {
			"custom_model_data": 2009
		},
		"model": "item/advancement_equestrian_level1"
	},
	{
		"predicate": {
			"custom_model_data": 2010
		},
		"model": "item/advancement_fallen_level1"
	},
	{
		"predicate": {
			"custom_model_data": 2011
		},
		"model": "item/advancement_fallen_level2"
	},
	{
		"predicate": {
			"custom_model_data": 2012
		},
		"model": "item/advancement_fallen_level3"
	},
	{
		"predicate": {
			"custom_model_data": 2013
		},
		"model": "item/advancement_forrager_level1"
	},
	{
		"predicate": {
			"custom_model_data": 2014
		},
		"model": "item/advancement_hawkeye_level1"
	},
	{
		"predicate": {
			"custom_model_data": 2015
		},
		"model": "item/advancement_hunter_level1"
	},
	{
		"predicate": {
			"custom_model_data": 2016
		},
		"model": "item/advancement_miner_level1"
	},
	{
		"predicate": {
			"custom_model_data": 2017
		},
		"model": "item/advancement_miner_level2"
	},
	{
		"predicate": {
			"custom_model_data": 2018
		},
		"model": "item/advancement_miner_level3"
	},
	{
		"predicate": {
			"custom_model_data": 2019
		},
		"model": "item/advancement_pigwrangler_level1"
	},
	{
		"predicate": {
			"custom_model_data": 2020
		},
		"model": "item/advancement_quietcamper_level1"
	},
	{
		"predicate": {
			"custom_model_data": 2021
		},
		"model": "item/advancement_survivor_level1"
	},
	{
		"predicate": {
			"custom_model_data": 2022
		},
		"model": "item/advancement_swimmer_level1"
	},
	{
		"predicate": {
			"custom_model_data": 2023
		},
		"model": "item/advancement_swimmer_level2"
	},
	{
		"predicate": {
			"custom_model_data": 2024
		},
		"model": "item/advancement_swimmer_level3"
	},
	{
		"predicate": {
			"custom_model_data": 2025
		},
		"model": "item/advancement_timeplayed_level1"
	},
	{
		"predicate": {
			"custom_model_data": 2026
		},
		"model": "item/advancement_traveler_level1"
	},
	{
		"predicate": {
			"custom_model_data": 2027
		},
		"model": "item/advancement_traveler_level2"
	},
	{
		"predicate": {
			"custom_model_data": 2028
		},
		"model": "item/advancement_traveler_level3"
	},
	{
		"predicate": {
			"custom_model_data": 2029
		},
		"model": "item/advancement_unluckycamper_level1"
	},
	{
		"predicate": {
			"custom_model_data": 2030
		},
		"model": "item/advancement_woodchuck_level1"
	},
	{
		"predicate": {
			"custom_model_data": 2031
		},
		"model": "item/advancement_woodchuck_level2"
	},
	{
		"predicate": {
			"custom_model_data": 2032
		},
		"model": "item/advancement_woodchuck_level2"
	},
	{
		"predicate": {
			"custom_model_data": 10000
		},
		"model": "item/acorn_hat"
	},
	{
		"predicate": {
			"custom_model_data": 10001
		},
		"model": "item/acorn_top"
	},
	{
		"predicate": {
			"custom_model_data": 10002
		},
		"model": "item/bee_bucket_hat"
	},
	{
		"predicate": {
			"custom_model_data": 10003
		},
		"model": "item/black_bunny_ears"
	},
	{
		"predicate": {
			"custom_model_data": 10004
		},
		"model": "item/blue_lumberjack_hat"
	},
	{
		"predicate": {
			"custom_model_data": 10005
		},
		"model": "item/brown_bunny_ears"
	},
	{
		"predicate": {
			"custom_model_data": 10006
		},
		"model": "item/ranger_hat"
	},
	{
		"predicate": {
			"custom_model_data": 10007
		},
		"model": "item/robin_nest"
	},
	{
		"predicate": {
			"custom_model_data": 10008
		},
		"model": "item/camp_cozy_sign"
	},
	{
		"predicate": {
			"custom_model_data": 10009
		},
		"model": "item/campfire_deco"
	},
	{
		"predicate": {
			"custom_model_data": 10010
		},
		"model": "item/deer_antlers"
	},
	{
		"predicate": {
			"custom_model_data": 10011
		},
		"model": "item/duck_bucket_hat"
	},
	{
		"predicate": {
			"custom_model_data": 10012
		},
		"model": "item/flower_crown"
	},
	{
		"predicate": {
			"custom_model_data": 10013
		},
		"model": "item/frog_bucket_hat"
	},
	{
		"predicate": {
			"custom_model_data": 10014
		},
		"model": "item/hedgehog_hat"
	},
	{
		"predicate": {
			"custom_model_data": 10015
		},
		"model": "item/green_cooler"
	},
	{
		"predicate": {
			"custom_model_data": 10016
		},
		"model": "item/blue_cooler"
	},
	{
		"predicate": {
			"custom_model_data": 10017
		},
		"model": "item/orange_cooler"
	},
	{
		"predicate": {
			"custom_model_data": 10018
		},
		"model": "item/pink_cooler"
	},
	{
		"predicate": {
			"custom_model_data": 10019
		},
		"model": "item/purple_cooler"
	},
	{
		"predicate": {
			"custom_model_data": 10020
		},
		"model": "item/red_cooler"
	},
	{
		"predicate": {
			"custom_model_data": 10021
		},
		"model": "item/yellow_cooler"
	},
	{
		"predicate": {
			"custom_model_data": 10022
		},
		"model": "item/log_hat"
	},
	{
		"predicate": {
			"custom_model_data": 10023
		},
		"model": "item/mushroom_hat"
	},
	{
		"predicate": {
			"custom_model_data": 10024
		},
		"model": "item/moose_antlers"
	},
	{
		"predicate": {
			"custom_model_data": 10025
		},
		"model": "item/owl_hat"
	},
	{
		"predicate": {
			"custom_model_data": 10026
		},
		"model": "item/raccoon_hat"
	},
	{
		"predicate": {
			"custom_model_data": 10027
		},
		"model": "item/red_lumberjack_hat"
	},
	{
		"predicate": {
			"custom_model_data": 10028
		},
		"model": "item/yellow_lumberjack_hat"
	},
	{
		"predicate": {
			"custom_model_data": 10029
		},
		"model": "item/snail_hat"
	},
	{
		"predicate": {
			"custom_model_data": 10030
		},
		"model": "item/straw_hat"
	},
	{
		"predicate": {
			"custom_model_data": 10031
		},
		"model": "item/tilly_hat"
	},
	{
		"predicate": {
			"custom_model_data": 10032
		},
		"model": "item/white_bunny_ears"
	},
	{
		"predicate": {
			"custom_model_data": 10033
		},
		"model": "item/axe_hat"
	},
	{
		"predicate": {
			"custom_model_data": 10034
		},
		"model": "item/red_bandana"
	},
	{
		"predicate": {
			"custom_model_data": 10035
		},
		"model": "item/orange_bandana"
	},
	{
		"predicate": {
			"custom_model_data": 10036
		},
		"model": "item/yellow_bandana"
	},
	{
		"predicate": {
			"custom_model_data": 10037
		},
		"model": "item/blue_bandana"
	},
	{
		"predicate": {
			"custom_model_data": 10038
		},
		"model": "item/green_bandana"
	},
	{
		"predicate": {
			"custom_model_data": 10039
		},
		"model": "item/pink_bandana"
	},
	{
		"predicate": {
			"custom_model_data": 10040
		},
		"model": "item/purple_bandana"
	}
  ]
}