{
	"credit": "Made with Blockbench",
	"texture_size": [32, 32],
	"textures": {
		"1": "duck_bucket_hat"
	},
	"elements": [
		{
			"from": [4, 6.63315, 4],
			"to": [12, 9.63315, 12],
			"rotation": {"angle": 0, "axis": "y", "origin": [-1, 0.63315, 0]},
			"faces": {
				"north": {"uv": [8, 8, 12, 9.5], "texture": "#1"},
				"east": {"uv": [9.5, 0, 13.5, 1.5], "texture": "#1"},
				"south": {"uv": [9.5, 1.5, 13.5, 3], "texture": "#1"},
				"west": {"uv": [9.5, 3, 13.5, 4.5], "texture": "#1"},
				"up": {"uv": [4, 4, 0, 0], "texture": "#1"},
				"down": {"uv": [4, 4, 0, 8], "texture": "#1"}
			}
		},
		{
			"from": [5, 6.63315, 2],
			"to": [11, 7.63315, 4],
			"rotation": {"angle": 0, "axis": "y", "origin": [-1, 0.63315, 0]},
			"faces": {
				"north": {"uv": [9.5, 6.5, 12.5, 7], "texture": "#1"},
				"east": {"uv": [9.5, 7.5, 10.5, 8], "texture": "#1"},
				"south": {"uv": [9.5, 7, 12.5, 7.5], "texture": "#1"},
				"west": {"uv": [8, 9.5, 9, 10], "texture": "#1"},
				"up": {"uv": [12.5, 5.5, 9.5, 4.5], "texture": "#1"},
				"down": {"uv": [12.5, 5.5, 9.5, 6.5], "texture": "#1"}
			}
		},
		{
			"from": [2.5, 5.21822, 0.58649],
			"to": [13.5, 5.21822, 4.58649],
			"rotation": {"angle": -45, "axis": "x", "origin": [9.5, 5.21822, 2.58649]},
			"faces": {
				"north": {"uv": [0, 0, 5.5, 0], "texture": "#1"},
				"east": {"uv": [0, 0, 2, 0], "texture": "#1"},
				"south": {"uv": [0, 0, 5.5, 0], "texture": "#1"},
				"west": {"uv": [0, 0, 2, 0], "texture": "#1"},
				"up": {"uv": [9.5, 2, 4, 0], "texture": "#1"},
				"down": {"uv": [9.5, 2, 4, 4], "texture": "#1"}
			}
		},
		{
			"from": [2.5, 5.21822, 11.41351],
			"to": [13.5, 5.21822, 15.41351],
			"rotation": {"angle": 45, "axis": "x", "origin": [9.5, 5.21822, 13.41351]},
			"faces": {
				"north": {"uv": [0, 0, 5.5, 0], "texture": "#1"},
				"east": {"uv": [0, 0, 2, 0], "texture": "#1"},
				"south": {"uv": [0, 0, 5.5, 0], "texture": "#1"},
				"west": {"uv": [0, 0, 2, 0], "texture": "#1"},
				"up": {"uv": [9.5, 6, 4, 4], "texture": "#1"},
				"down": {"uv": [9.5, 6, 4, 8], "texture": "#1"}
			}
		},
		{
			"from": [2.17207, 9.04615, 2.5],
			"to": [6.17207, 9.04615, 13.5],
			"rotation": {"angle": 45, "axis": "z", "origin": [8, 5.21822, 8]},
			"faces": {
				"north": {"uv": [0, 0, 2, 0], "texture": "#1"},
				"east": {"uv": [0, 0, 5.5, 0], "texture": "#1"},
				"south": {"uv": [0, 0, 2, 0], "texture": "#1"},
				"west": {"uv": [0, 0, 5.5, 0], "texture": "#1"},
				"up": {"uv": [6, 13.5, 4, 8], "texture": "#1"},
				"down": {"uv": [6, 13.5, 4, 8], "texture": "#1"}
			}
		},
		{
			"from": [9.82793, 9.04615, 2.5],
			"to": [13.82793, 9.04615, 13.5],
			"rotation": {"angle": -45, "axis": "z", "origin": [8, 5.21822, 8]},
			"faces": {
				"north": {"uv": [2, 0, 0, 0], "texture": "#1"},
				"east": {"uv": [5.5, 0, 0, 0], "texture": "#1"},
				"south": {"uv": [2, 0, 0, 0], "texture": "#1"},
				"west": {"uv": [5.5, 0, 0, 0], "texture": "#1"},
				"up": {"uv": [4, 13.5, 6, 8], "texture": "#1"},
				"down": {"uv": [4, 13.5, 6, 8], "texture": "#1"}
			}
		}
	],
	"display": {
		"thirdperson_righthand": {
			"scale": [0.5, 0.5, 0.5]
		},
		"thirdperson_lefthand": {
			"scale": [0.5, 0.5, 0.5]
		},
		"firstperson_righthand": {
			"translation": [6.75, -1.75, 0]
		},
		"firstperson_lefthand": {
			"translation": [6.75, -1.75, 0]
		},
		"gui": {
			"rotation": [22.5, 135, 0]
		},
		"head": {
			"translation": [0, 5.25, 0],
			"scale": [1.81, 1.81, 1.81]
		}
	}
}