{
	"credit": "Made with Blockbench",
	"textures": {
		"0": "flower_crown",
		"particle": "flower_crown"
	},
	"elements": [
		{
			"from": [12, 6, 4],
			"to": [12, 10, 12],
			"rotation": {"angle": 0, "axis": "y", "origin": [8, 8, 8]},
			"faces": {
				"north": {"uv": [8, 4, 16, 8], "texture": "#0"},
				"east": {"uv": [8, 4, 16, 8], "texture": "#0"},
				"south": {"uv": [8, 4, 16, 8], "texture": "#0"},
				"west": {"uv": [16, 4, 8, 8], "texture": "#0"},
				"up": {"uv": [8, 4, 16, 8], "texture": "#0"},
				"down": {"uv": [8, 4, 16, 8], "texture": "#0"}
			}
		},
		{
			"from": [4, 6, 12],
			"to": [12, 10, 12],
			"rotation": {"angle": 0, "axis": "y", "origin": [8, 8, 8]},
			"faces": {
				"north": {"uv": [16, 8, 8, 12], "texture": "#0"},
				"east": {"uv": [8, 4, 16, 8], "texture": "#0"},
				"south": {"uv": [8, 8, 16, 12], "texture": "#0"},
				"west": {"uv": [8, 12, 16, 16], "texture": "#0"},
				"up": {"uv": [8, 8, 0, 0], "texture": "#0"},
				"down": {"uv": [8, 8, 0, 16], "texture": "#0"}
			}
		},
		{
			"from": [4, 6, 4],
			"to": [12, 10, 4],
			"rotation": {"angle": 0, "axis": "y", "origin": [8, 8, 8]},
			"faces": {
				"north": {"uv": [8, 0, 16, 4], "texture": "#0"},
				"east": {"uv": [8, 0, 16, 4], "texture": "#0"},
				"south": {"uv": [16, 0, 8, 4], "texture": "#0"},
				"west": {"uv": [8, 0, 16, 4], "texture": "#0"},
				"up": {"uv": [8, 0, 16, 4], "texture": "#0"},
				"down": {"uv": [8, 0, 16, 4], "texture": "#0"}
			}
		},
		{
			"from": [4, 6, 4],
			"to": [4, 10, 12],
			"rotation": {"angle": 0, "axis": "y", "origin": [8, 8, 8]},
			"faces": {
				"north": {"uv": [8, 12, 16, 16], "texture": "#0"},
				"east": {"uv": [16, 12, 8, 16], "texture": "#0"},
				"south": {"uv": [8, 12, 16, 16], "texture": "#0"},
				"west": {"uv": [8, 12, 16, 16], "texture": "#0"},
				"up": {"uv": [8, 12, 16, 16], "texture": "#0"},
				"down": {"uv": [8, 12, 16, 16], "texture": "#0"}
			}
		}
	],
	"display": {
		"thirdperson_righthand": {
			"scale": [0.5, 0.5, 0.5]
		},
		"thirdperson_lefthand": {
			"scale": [0.5, 0.5, 0.5]
		},
		"firstperson_righthand": {
			"translation": [5.75, -1.25, 1]
		},
		"firstperson_lefthand": {
			"translation": [5.75, -1.25, 1]
		},
		"gui": {
			"rotation": [22.5, 45, 0]
		},
		"head": {
			"translation": [0, 3.75, 0],
			"scale": [1.85, 1.85, 1.85]
		}
	}
}