{
	"credit": "Made with Blockbench",
	"texture_size": [32, 32],
	"textures": {
		"0": "frog_bucket_hat",
		"particle": "frog_bucket_hat"
	},
	"elements": [
		{
			"from": [4, 6.63315, 4],
			"to": [12, 9.63315, 12],
			"rotation": {"angle": 0, "axis": "y", "origin": [-1, 0.63315, 0]},
			"faces": {
				"north": {"uv": [8, 8, 12, 9.5], "texture": "#0"},
				"east": {"uv": [9.5, 0, 13.5, 1.5], "texture": "#0"},
				"south": {"uv": [9.5, 1.5, 13.5, 3], "texture": "#0"},
				"west": {"uv": [9.5, 3, 13.5, 4.5], "texture": "#0"},
				"up": {"uv": [4, 4, 0, 0], "texture": "#0"},
				"down": {"uv": [4, 4, 0, 8], "texture": "#0"}
			}
		},
		{
			"from": [10, 8.63315, 5],
			"to": [13, 11.63315, 7],
			"rotation": {"angle": 0, "axis": "y", "origin": [-1, 0.63315, 0]},
			"faces": {
				"north": {"uv": [8, 9.5, 9.5, 11], "texture": "#0"},
				"east": {"uv": [11, 9.5, 12, 11], "texture": "#0"},
				"south": {"uv": [9.5, 9.5, 11, 11], "texture": "#0"},
				"west": {"uv": [11, 11, 12, 12.5], "texture": "#0"},
				"up": {"uv": [13.5, 5.5, 12, 4.5], "texture": "#0"},
				"down": {"uv": [13.5, 5.5, 12, 6.5], "texture": "#0"}
			}
		},
		{
			"from": [3, 8.63315, 5],
			"to": [6, 11.63315, 7],
			"rotation": {"angle": 0, "axis": "y", "origin": [15, 0.63315, 0]},
			"faces": {
				"north": {"uv": [9.5, 4.5, 11, 6], "texture": "#0"},
				"east": {"uv": [11, 4.5, 12, 6], "texture": "#0"},
				"south": {"uv": [9.5, 6, 11, 7.5], "texture": "#0"},
				"west": {"uv": [11, 6, 12, 7.5], "texture": "#0"},
				"up": {"uv": [9.5, 12, 8, 11], "texture": "#0"},
				"down": {"uv": [11, 11, 9.5, 12], "texture": "#0"}
			}
		},
		{
			"from": [2.5, 5.21822, 0.58649],
			"to": [13.5, 5.21822, 4.58649],
			"rotation": {"angle": -45, "axis": "x", "origin": [9.5, 5.21822, 2.58649]},
			"faces": {
				"north": {"uv": [9.5, 2, 4, 0], "texture": "#0"},
				"east": {"uv": [9.5, 2, 4, 0], "texture": "#0"},
				"south": {"uv": [9.5, 2, 4, 0], "texture": "#0"},
				"west": {"uv": [9.5, 2, 4, 0], "texture": "#0"},
				"up": {"uv": [9.5, 2, 4, 0], "texture": "#0"},
				"down": {"uv": [9.5, 0, 4, 2], "texture": "#0"}
			}
		},
		{
			"from": [2.5, 5.21822, 11.41351],
			"to": [13.5, 5.21822, 15.41351],
			"rotation": {"angle": 45, "axis": "x", "origin": [9.5, 5.21822, 13.41351]},
			"faces": {
				"north": {"uv": [9.5, 0, 4, 2], "texture": "#0"},
				"east": {"uv": [9.5, 0, 4, 2], "texture": "#0"},
				"south": {"uv": [9.5, 0, 4, 2], "texture": "#0"},
				"west": {"uv": [9.5, 0, 4, 2], "texture": "#0"},
				"up": {"uv": [9.5, 0, 4, 2], "texture": "#0"},
				"down": {"uv": [9.5, 2, 4, 0], "texture": "#0"}
			}
		},
		{
			"from": [9.82793, 9.04615, 2.5],
			"to": [13.82793, 9.04615, 13.5],
			"rotation": {"angle": -45, "axis": "z", "origin": [8, 5.21822, 8]},
			"faces": {
				"north": {"uv": [9.5, 0, 4, 2], "rotation": 270, "texture": "#0"},
				"east": {"uv": [9.5, 0, 4, 2], "rotation": 270, "texture": "#0"},
				"south": {"uv": [9.5, 0, 4, 2], "rotation": 270, "texture": "#0"},
				"west": {"uv": [9.5, 0, 4, 2], "rotation": 270, "texture": "#0"},
				"up": {"uv": [9.5, 0, 4, 2], "rotation": 270, "texture": "#0"},
				"down": {"uv": [9.5, 0, 4, 2], "rotation": 270, "texture": "#0"}
			}
		},
		{
			"from": [2.17207, 9.04615, 2.5],
			"to": [6.17207, 9.04615, 13.5],
			"rotation": {"angle": 45, "axis": "z", "origin": [8, 5.21822, 8]},
			"faces": {
				"north": {"uv": [9.5, 2, 4, 0], "rotation": 270, "texture": "#0"},
				"east": {"uv": [9.5, 2, 4, 0], "rotation": 270, "texture": "#0"},
				"south": {"uv": [9.5, 2, 4, 0], "rotation": 270, "texture": "#0"},
				"west": {"uv": [9.5, 2, 4, 0], "rotation": 270, "texture": "#0"},
				"up": {"uv": [9.5, 2, 4, 0], "rotation": 270, "texture": "#0"},
				"down": {"uv": [9.5, 2, 4, 0], "rotation": 270, "texture": "#0"}
			}
		}
	],
	"display": {
		"thirdperson_righthand": {
			"scale": [0.5, 0.5, 0.5]
		},
		"thirdperson_lefthand": {
			"scale": [0.5, 0.5, 0.5]
		},
		"firstperson_righthand": {
			"translation": [7.5, -1.5, 0]
		},
		"firstperson_lefthand": {
			"translation": [7.5, -1.5, 0]
		},
		"gui": {
			"rotation": [22.5, 135, 0]
		},
		"head": {
			"translation": [0, 5.25, 0],
			"scale": [1.81, 1.81, 1.81]
		}
	}
}