{
	"credit": "Made with Blockbench",
	"texture_size": [64, 64],
	"textures": {
		"0": "owl_hat",
		"particle": "owl_hat"
	},
	"elements": [
		{
			"from": [5.5, 11.30866, 7.5],
			"to": [10.5, 18.30866, 12.5],
			"rotation": {"angle": 0, "axis": "y", "origin": [8, 18, 8]},
			"faces": {
				"north": {"uv": [2, 3, 3.25, 4.75], "texture": "#0"},
				"east": {"uv": [3.25, 3, 4.5, 4.75], "texture": "#0"},
				"south": {"uv": [3.5, 0, 4.75, 1.75], "texture": "#0"},
				"west": {"uv": [0, 4, 1.25, 5.75], "texture": "#0"},
				"up": {"uv": [1.25, 7, 0, 5.75], "texture": "#0"},
				"down": {"uv": [7.25, 6.25, 6, 7.5], "texture": "#0"}
			}
		},
		{
			"from": [5.5, 11.33025, 10.29147],
			"to": [10.5, 13.33025, 13.29147],
			"rotation": {"angle": 22.5, "axis": "x", "origin": [8, 8.03025, 11.79147]},
			"faces": {
				"north": {"uv": [6, 1.25, 7.25, 1.75], "texture": "#0"},
				"east": {"uv": [1.25, 4, 2, 4.5], "texture": "#0"},
				"south": {"uv": [2.5, 6.75, 3.75, 7.25], "texture": "#0"},
				"west": {"uv": [0, 7.5, 0.75, 8], "texture": "#0"},
				"up": {"uv": [2.5, 7.25, 1.25, 6.5], "texture": "#0"},
				"down": {"uv": [7.75, 5.25, 6.5, 6], "texture": "#0"}
			}
		},
		{
			"from": [8.5, 9.80866, 10],
			"to": [9.5, 12.80866, 10],
			"rotation": {"angle": 0, "axis": "y", "origin": [8, 18.5, 8]},
			"faces": {
				"north": {"uv": [6.75, 7.5, 7, 8.25], "texture": "#0"},
				"east": {"uv": [0, 0, 0, 0.75], "texture": "#0"},
				"south": {"uv": [7, 7.5, 7.25, 8.25], "texture": "#0"},
				"west": {"uv": [0, 0, 0, 0.75], "texture": "#0"},
				"up": {"uv": [0.25, 0, 0, 0], "texture": "#0"},
				"down": {"uv": [0.25, 0, 0, 0], "texture": "#0"}
			}
		},
		{
			"from": [6.5, 9.80866, 10],
			"to": [7.5, 12.80866, 10],
			"rotation": {"angle": 0, "axis": "y", "origin": [8, 18.5, 8]},
			"faces": {
				"north": {"uv": [7.5, 7, 7.75, 7.75], "texture": "#0"},
				"east": {"uv": [0, 0, 0, 0.75], "texture": "#0"},
				"south": {"uv": [1, 7.75, 1.25, 8.5], "texture": "#0"},
				"west": {"uv": [0, 0, 0, 0.75], "texture": "#0"},
				"up": {"uv": [0.25, 0, 0, 0], "texture": "#0"},
				"down": {"uv": [0.25, 0, 0, 0], "texture": "#0"}
			}
		},
		{
			"from": [5.7, 9.80866, 8],
			"to": [7.7, 9.80866, 11],
			"rotation": {"angle": 22.5, "axis": "y", "origin": [7, 9.80866, 9.5]},
			"faces": {
				"north": {"uv": [7, 6, 7.25, 6.25], "texture": "#0"},
				"east": {"uv": [1.25, 4.5, 1.75, 4.75], "texture": "#0"},
				"south": {"uv": [7.25, 5, 7.5, 5.25], "texture": "#0"},
				"west": {"uv": [6.5, 6, 7, 6.25], "texture": "#0"},
				"up": {"uv": [1.75, 8.25, 1.5, 7.75], "texture": "#0"},
				"down": {"uv": [2, 7.75, 1.75, 8.25], "texture": "#0"}
			}
		},
		{
			"from": [8.3, 9.80866, 8],
			"to": [10.3, 9.80866, 11],
			"rotation": {"angle": -22.5, "axis": "y", "origin": [9, 9.80866, 9.5]},
			"faces": {
				"north": {"uv": [7.25, 6, 7, 6.25], "texture": "#0"},
				"east": {"uv": [7, 6, 6.5, 6.25], "texture": "#0"},
				"south": {"uv": [7.5, 5, 7.25, 5.25], "texture": "#0"},
				"west": {"uv": [1.75, 4.5, 1.25, 4.75], "texture": "#0"},
				"up": {"uv": [1.5, 8.25, 1.75, 7.75], "texture": "#0"},
				"down": {"uv": [1.75, 7.75, 2, 8.25], "texture": "#0"}
			}
		},
		{
			"from": [4.5, 10.70866, 7.5],
			"to": [5.5, 17.70866, 7.5],
			"rotation": {"angle": -22.5, "axis": "z", "origin": [4.75, 13.80866, 8.75]},
			"faces": {
				"north": {"uv": [4, 6.75, 4.25, 8.5], "texture": "#0"},
				"east": {"uv": [4, 6.75, 4.25, 8.5], "texture": "#0"},
				"south": {"uv": [4, 6.75, 4.25, 8.5], "texture": "#0"},
				"west": {"uv": [4, 6.75, 4.25, 8.5], "texture": "#0"},
				"up": {"uv": [4, 6.75, 4.25, 8.5], "texture": "#0"},
				"down": {"uv": [4, 6.75, 4.25, 8.5], "texture": "#0"}
			}
		},
		{
			"from": [4.5, 10.70866, 7.5],
			"to": [4.5, 17.70866, 12.5],
			"rotation": {"angle": -22.5, "axis": "z", "origin": [4.75, 13.80866, 8.75]},
			"faces": {
				"north": {"uv": [4, 6.75, 4.25, 8.5], "texture": "#0"},
				"east": {"uv": [4.5, 1.75, 5.75, 3.5], "texture": "#0"},
				"south": {"uv": [4.25, 6.75, 4.5, 8.5], "texture": "#0"},
				"west": {"uv": [4.5, 3.5, 5.75, 5.25], "texture": "#0"},
				"up": {"uv": [1, 8.75, 0.75, 7.5], "texture": "#0"},
				"down": {"uv": [5.25, 7.5, 5, 8.75], "texture": "#0"}
			}
		},
		{
			"from": [11.5, 10.70866, 7.5],
			"to": [11.5, 17.70866, 12.5],
			"rotation": {"angle": 22.5, "axis": "z", "origin": [11.25, 13.80866, 8.75]},
			"faces": {
				"north": {"uv": [4.25, 6.75, 4, 8.5], "texture": "#0"},
				"east": {"uv": [5.75, 3.5, 4.5, 5.25], "texture": "#0"},
				"south": {"uv": [4.5, 6.75, 4.25, 8.5], "texture": "#0"},
				"west": {"uv": [5.75, 1.75, 4.5, 3.5], "texture": "#0"},
				"up": {"uv": [0.75, 8.75, 1, 7.5], "texture": "#0"},
				"down": {"uv": [5, 7.5, 5.25, 8.75], "texture": "#0"}
			}
		},
		{
			"from": [10.5, 10.70866, 7.5],
			"to": [11.5, 17.70866, 7.5],
			"rotation": {"angle": 22.5, "axis": "z", "origin": [11.25, 13.80866, 8.75]},
			"faces": {
				"north": {"uv": [4.25, 6.75, 4, 8.5], "texture": "#0"},
				"east": {"uv": [4.25, 6.75, 4, 8.5], "texture": "#0"},
				"south": {"uv": [4.25, 6.75, 4, 8.5], "texture": "#0"},
				"west": {"uv": [4.25, 6.75, 4, 8.5], "texture": "#0"},
				"up": {"uv": [4.25, 6.75, 4, 8.5], "texture": "#0"},
				"down": {"uv": [4.25, 6.75, 4, 8.5], "texture": "#0"}
			}
		},
		{
			"from": [5, 16.30866, 7],
			"to": [11, 21.30866, 13],
			"rotation": {"angle": 0, "axis": "y", "origin": [8, 16, 8]},
			"faces": {
				"north": {"uv": [5.75, 2.75, 7.25, 4], "texture": "#0"},
				"east": {"uv": [5.75, 4, 7.25, 5.25], "texture": "#0"},
				"south": {"uv": [6, 0, 7.5, 1.25], "texture": "#0"},
				"west": {"uv": [4.5, 6.25, 6, 7.5], "texture": "#0"},
				"up": {"uv": [3.5, 1.5, 2, 0], "texture": "#0"},
				"down": {"uv": [3.5, 1.5, 2, 3], "texture": "#0"}
			}
		},
		{
			"from": [10.49661, 19.21531, 6.4],
			"to": [14.49661, 21.21531, 8.4],
			"rotation": {"angle": 22.5, "axis": "z", "origin": [8, 17, 7.4]},
			"faces": {
				"north": {"uv": [3.5, 1.75, 4.5, 2.25], "texture": "#0"},
				"east": {"uv": [5.75, 7.5, 6.25, 8], "texture": "#0"},
				"south": {"uv": [3.5, 2.25, 4.5, 2.75], "texture": "#0"},
				"west": {"uv": [7.5, 6, 8, 6.5], "texture": "#0"},
				"up": {"uv": [1, 7.5, 0, 7], "texture": "#0"},
				"down": {"uv": [2, 7.25, 1, 7.75], "texture": "#0"}
			}
		},
		{
			"from": [1.50339, 19.21531, 6.4],
			"to": [5.50339, 21.21531, 8.4],
			"rotation": {"angle": -22.5, "axis": "z", "origin": [8, 17, 7.4]},
			"faces": {
				"north": {"uv": [7.25, 1.25, 8.25, 1.75], "texture": "#0"},
				"east": {"uv": [6.25, 7.5, 6.75, 8], "texture": "#0"},
				"south": {"uv": [2, 7.25, 3, 7.75], "texture": "#0"},
				"west": {"uv": [7.5, 6.5, 8, 7], "texture": "#0"},
				"up": {"uv": [8.25, 3.25, 7.25, 2.75], "texture": "#0"},
				"down": {"uv": [4, 7.25, 3, 7.75], "texture": "#0"}
			}
		},
		{
			"from": [7, 15.80866, 5],
			"to": [9, 18.80866, 7],
			"rotation": {"angle": 0, "axis": "y", "origin": [8, 16.80866, 6]},
			"faces": {
				"north": {"uv": [7.5, 0, 8, 0.75], "texture": "#0"},
				"east": {"uv": [7.5, 3.25, 8, 4], "texture": "#0"},
				"south": {"uv": [7.5, 4, 8, 4.75], "texture": "#0"},
				"west": {"uv": [4.5, 7.5, 5, 8.25], "texture": "#0"},
				"up": {"uv": [8, 1.25, 7.5, 0.75], "texture": "#0"},
				"down": {"uv": [8, 4.75, 7.5, 5.25], "texture": "#0"}
			}
		},
		{
			"from": [4, 13.30866, 6],
			"to": [12, 17.30866, 14],
			"rotation": {"angle": 0, "axis": "y", "origin": [8, 16, 8]},
			"faces": {
				"north": {"uv": [2.5, 4.75, 4.5, 5.75], "texture": "#0"},
				"east": {"uv": [4.5, 5.25, 6.5, 6.25], "texture": "#0"},
				"south": {"uv": [5.75, 1.75, 7.75, 2.75], "texture": "#0"},
				"west": {"uv": [2.5, 5.75, 4.5, 6.75], "texture": "#0"},
				"up": {"uv": [2, 2, 0, 0], "texture": "#0"},
				"down": {"uv": [2, 2, 0, 4], "texture": "#0"}
			}
		}
	],
	"display": {
		"thirdperson_righthand": {
			"translation": [0, -0.75, 0],
			"scale": [0.5, 0.5, 0.5]
		},
		"thirdperson_lefthand": {
			"translation": [0, -0.75, 0],
			"scale": [0.5, 0.5, 0.5]
		},
		"firstperson_righthand": {
			"translation": [3, -1.75, 0],
			"scale": [0.5, 0.5, 0.5]
		},
		"firstperson_lefthand": {
			"translation": [3, -1.75, 0],
			"scale": [0.5, 0.5, 0.5]
		},
		"ground": {
			"translation": [0, -5.25, 0]
		},
		"gui": {
			"rotation": [22.5, 135, 0],
			"translation": [-1.5, -7.75, 0]
		},
		"head": {
			"translation": [0, 3.5, -4.75],
			"scale": [1.8, 1.8, 1.8]
		},
		"fixed": {
			"rotation": [-90, 0, 0],
			"translation": [0, -3, 1.25],
			"scale": [1.8, 1.8, 1.8]
		}
	}
}