{
	"credit": "Made with Blockbench",
	"texture_size": [64, 64],
	"textures": {
		"0": "purple_cooler",
		"particle": "purple_cooler"
	},
	"elements": [
		{
			"from": [0.5, 0, 1.5],
			"to": [15.5, 11, 14.5],
			"rotation": {"angle": 0, "axis": "y", "origin": [8, 13.3, 8]},
			"faces": {
				"north": {"uv": [3.75, 0, 7.5, 2.75], "texture": "#0"},
				"east": {"uv": [3.75, 5.5, 7, 8.25], "texture": "#0"},
				"south": {"uv": [3.75, 2.75, 7.5, 5.5], "texture": "#0"},
				"west": {"uv": [0, 6.5, 3.25, 9.25], "texture": "#0"},
				"up": {"uv": [3.75, 3.25, 0, 0], "texture": "#0"},
				"down": {"uv": [3.75, 3.25, 0, 6.5], "texture": "#0"}
			}
		},
		{
			"from": [-2.5, 6, 10.5],
			"to": [0.5, 8, 11.5],
			"rotation": {"angle": 0, "axis": "y", "origin": [-1.25, 7, 8]},
			"faces": {
				"north": {"uv": [7.5, 6.5, 8.25, 7], "texture": "#0"},
				"east": {"uv": [8.25, 4.5, 8.5, 5], "texture": "#0"},
				"south": {"uv": [7.5, 7, 8.25, 7.5], "texture": "#0"},
				"west": {"uv": [4.75, 8.25, 5, 8.75], "texture": "#0"},
				"up": {"uv": [8.25, 8.25, 7.5, 8], "texture": "#0"},
				"down": {"uv": [4, 8.25, 3.25, 8.5], "texture": "#0"}
			}
		},
		{
			"from": [-2.5, 6, 4.5],
			"to": [0.5, 8, 5.5],
			"rotation": {"angle": 0, "axis": "y", "origin": [-1.25, 7, 8]},
			"faces": {
				"north": {"uv": [7.5, 7.5, 8.25, 8], "texture": "#0"},
				"east": {"uv": [5, 8.25, 5.25, 8.75], "texture": "#0"},
				"south": {"uv": [8, 1, 8.75, 1.5], "texture": "#0"},
				"west": {"uv": [8.25, 5, 8.5, 5.5], "texture": "#0"},
				"up": {"uv": [9, 3.75, 8.25, 3.5], "texture": "#0"},
				"down": {"uv": [9, 3.75, 8.25, 4], "texture": "#0"}
			}
		},
		{
			"from": [-2.5, 6, 5.5],
			"to": [-0.5, 8, 10.5],
			"rotation": {"angle": 0, "axis": "y", "origin": [-1.25, 7, 8]},
			"faces": {
				"north": {"uv": [8, 1.5, 8.5, 2], "texture": "#0"},
				"east": {"uv": [7.5, 0, 8.75, 0.5], "texture": "#0"},
				"south": {"uv": [8, 2, 8.5, 2.5], "texture": "#0"},
				"west": {"uv": [7.5, 0.5, 8.75, 1], "texture": "#0"},
				"up": {"uv": [8, 2.25, 7.5, 1], "texture": "#0"},
				"down": {"uv": [8, 2.25, 7.5, 3.5], "texture": "#0"}
			}
		},
		{
			"from": [16.5, 6, 5.5],
			"to": [18.5, 8, 10.5],
			"rotation": {"angle": 0, "axis": "y", "origin": [8, 13.3, 8]},
			"faces": {
				"north": {"uv": [3.25, 7.75, 3.75, 8.25], "texture": "#0"},
				"east": {"uv": [7, 5.5, 8.25, 6], "texture": "#0"},
				"south": {"uv": [7, 7.75, 7.5, 8.25], "texture": "#0"},
				"west": {"uv": [7, 6, 8.25, 6.5], "texture": "#0"},
				"up": {"uv": [3.75, 7.75, 3.25, 6.5], "texture": "#0"},
				"down": {"uv": [7.5, 6.5, 7, 7.75], "texture": "#0"}
			}
		},
		{
			"from": [15.5, 6, 4.5],
			"to": [18.5, 8, 5.5],
			"rotation": {"angle": 0, "axis": "y", "origin": [8, 13.3, 8]},
			"faces": {
				"north": {"uv": [7.5, 3.5, 8.25, 4], "texture": "#0"},
				"east": {"uv": [4, 8.25, 4.25, 8.75], "texture": "#0"},
				"south": {"uv": [7.5, 4, 8.25, 4.5], "texture": "#0"},
				"west": {"uv": [8.25, 4, 8.5, 4.5], "texture": "#0"},
				"up": {"uv": [8.75, 2.75, 8, 2.5], "texture": "#0"},
				"down": {"uv": [8.75, 2.75, 8, 3], "texture": "#0"}
			}
		},
		{
			"from": [15.5, 6, 10.5],
			"to": [18.5, 8, 11.5],
			"rotation": {"angle": 0, "axis": "y", "origin": [8, 13.3, 8]},
			"faces": {
				"north": {"uv": [7.5, 4.5, 8.25, 5], "texture": "#0"},
				"east": {"uv": [4.25, 8.25, 4.5, 8.75], "texture": "#0"},
				"south": {"uv": [7.5, 5, 8.25, 5.5], "texture": "#0"},
				"west": {"uv": [4.5, 8.25, 4.75, 8.75], "texture": "#0"},
				"up": {"uv": [8.75, 3.25, 8, 3], "texture": "#0"},
				"down": {"uv": [8.75, 3.25, 8, 3.5], "texture": "#0"}
			}
		}
	],
	"display": {
		"thirdperson_righthand": {
			"translation": [-5.75, 0, 0],
			"scale": [0.5, 0.5, 0.5]
		},
		"thirdperson_lefthand": {
			"scale": [0.5, 0.5, 0.5]
		},
		"firstperson_righthand": {
			"translation": [6, -3, 0]
		},
		"firstperson_lefthand": {
			"translation": [6, -3, 0]
		},
		"ground": {
			"translation": [0, 1.25, 0],
			"scale": [0.5, 0.5, 0.5]
		},
		"gui": {
			"rotation": [22.5, 135, 0],
			"scale": [0.7, 0.7, 0.7]
		},
		"fixed": {
			"rotation": [-90, 0, 0],
			"translation": [0, 0, -14],
			"scale": [1.85, 1.85, 1.85]
		}
	}
}