{
	"credit": "Made with Blockbench",
	"texture_size": [32, 32],
	"textures": {
		"2": "raccoon_hat"
	},
	"elements": [
		{
			"from": [3.5, 10, 3],
			"to": [12.5, 14, 12],
			"rotation": {"angle": 0, "axis": "y", "origin": [0, 0, 0]},
			"faces": {
				"north": {"uv": [4.5, 6, 9, 8], "texture": "#2"},
				"east": {"uv": [4.5, 8, 9, 10], "texture": "#2"},
				"south": {"uv": [0, 9, 4.5, 11], "texture": "#2"},
				"west": {"uv": [9, 6, 13.5, 8], "texture": "#2"},
				"up": {"uv": [4.5, 4.5, 0, 0], "texture": "#2"},
				"down": {"uv": [4.5, 4.5, 0, 9], "texture": "#2"}
			}
		},
		{
			"from": [3, 8.2, 9],
			"to": [5, 12.2, 11],
			"rotation": {"angle": -22.5, "axis": "z", "origin": [3, 10, 10]},
			"faces": {
				"north": {"uv": [11, 2, 12, 4], "texture": "#2"},
				"east": {"uv": [11, 4, 12, 6], "texture": "#2"},
				"south": {"uv": [11, 8, 12, 10], "texture": "#2"},
				"west": {"uv": [8.5, 11, 9.5, 13], "texture": "#2"},
				"up": {"uv": [4, 14, 3, 13], "texture": "#2"},
				"down": {"uv": [5, 13, 4, 14], "texture": "#2"}
			}
		},
		{
			"from": [3, 8.2, 4],
			"to": [5, 12.2, 6],
			"rotation": {"angle": -22.5, "axis": "z", "origin": [3, 10, 10]},
			"faces": {
				"north": {"uv": [9.5, 11, 10.5, 13], "texture": "#2"},
				"east": {"uv": [11, 10, 12, 12], "texture": "#2"},
				"south": {"uv": [12, 2, 13, 4], "texture": "#2"},
				"west": {"uv": [12, 4, 13, 6], "texture": "#2"},
				"up": {"uv": [14, 5, 13, 4], "texture": "#2"},
				"down": {"uv": [6, 13, 5, 14], "texture": "#2"}
			}
		},
		{
			"from": [11, 8.2, 4],
			"to": [13, 12.2, 6],
			"rotation": {"angle": 22.5, "axis": "z", "origin": [13, 10, 10]},
			"faces": {
				"north": {"uv": [12.5, 12, 13.5, 14], "texture": "#2"},
				"east": {"uv": [13, 0, 14, 2], "texture": "#2"},
				"south": {"uv": [2, 13, 3, 15], "texture": "#2"},
				"west": {"uv": [13, 2, 14, 4], "texture": "#2"},
				"up": {"uv": [8, 14, 7, 13], "texture": "#2"},
				"down": {"uv": [9, 13, 8, 14], "texture": "#2"}
			}
		},
		{
			"from": [11, 8.2, 9],
			"to": [13, 12.2, 11],
			"rotation": {"angle": 22.5, "axis": "z", "origin": [13, 10, 10]},
			"faces": {
				"north": {"uv": [12, 8, 13, 10], "texture": "#2"},
				"east": {"uv": [12, 10, 13, 12], "texture": "#2"},
				"south": {"uv": [10.5, 12, 11.5, 14], "texture": "#2"},
				"west": {"uv": [11.5, 12, 12.5, 14], "texture": "#2"},
				"up": {"uv": [14, 6, 13, 5], "texture": "#2"},
				"down": {"uv": [7, 13, 6, 14], "texture": "#2"}
			}
		},
		{
			"from": [1.5, 10, 3.9],
			"to": [14.5, 16, 3.9],
			"rotation": {"angle": 0, "axis": "y", "origin": [0, 0, 0]},
			"faces": {
				"north": {"uv": [4.5, 0, 11, 3], "texture": "#2"},
				"east": {"uv": [0, 0, 0, 3], "texture": "#2"},
				"south": {"uv": [4.5, 3, 11, 6], "texture": "#2"},
				"west": {"uv": [0, 0, 0, 3], "texture": "#2"},
				"up": {"uv": [6.5, 0, 0, 0], "texture": "#2"},
				"down": {"uv": [6.5, 0, 0, 0], "texture": "#2"}
			}
		},
		{
			"from": [6, 8, 11],
			"to": [10, 14, 15],
			"rotation": {"angle": -22.5, "axis": "x", "origin": [8, 11, 15]},
			"faces": {
				"north": {"uv": [9, 8, 11, 11], "texture": "#2"},
				"east": {"uv": [4.5, 10, 6.5, 13], "texture": "#2"},
				"south": {"uv": [6.5, 10, 8.5, 13], "texture": "#2"},
				"west": {"uv": [0, 11, 2, 14], "texture": "#2"},
				"up": {"uv": [13, 2, 11, 0], "texture": "#2"},
				"down": {"uv": [4, 11, 2, 13], "texture": "#2"}
			}
		}
	],
	"display": {
		"thirdperson_righthand": {
			"translation": [0, -1, 1.5],
			"scale": [0.7, 0.7, 0.7]
		},
		"thirdperson_lefthand": {
			"translation": [0, -1, 1.5],
			"scale": [0.7, 0.7, 0.7]
		},
		"firstperson_righthand": {
			"translation": [6.5, -5.5, 0]
		},
		"firstperson_lefthand": {
			"translation": [6.5, -5.5, 0]
		},
		"ground": {
			"translation": [0, -3, 0]
		},
		"gui": {
			"rotation": [22.5, 135, 0],
			"translation": [0.25, -4, 0]
		},
		"head": {
			"translation": [0, -1.75, 1],
			"scale": [1.7, 1.7, 1.7]
		},
		"fixed": {
			"translation": [0, -6, 0]
		}
	}
}