{
	"credit": "Made with Blockbench",
	"texture_size": [32, 32],
	"textures": {
		"4": "snail_hat"
	},
	"elements": [
		{
			"from": [5.5, 7.5, 6.5],
			"to": [10.5, 13.5, 12.5],
			"rotation": {"angle": 0, "axis": "y", "origin": [8, 8, 8]},
			"faces": {
				"north": {"uv": [3, 9, 5.5, 12], "texture": "#4"},
				"east": {"uv": [7, 6, 10, 9], "texture": "#4"},
				"south": {"uv": [5.5, 9, 8, 12], "texture": "#4"},
				"west": {"uv": [0, 9, 3, 12], "texture": "#4"},
				"up": {"uv": [10.5, 12, 8, 9], "texture": "#4"},
				"down": {"uv": [12.5, 6, 10, 9], "texture": "#4"}
			}
		},
		{
			"from": [5.5, 13.5, 10.5],
			"to": [12.5, 19.5, 10.5],
			"rotation": {"angle": 0, "axis": "y", "origin": [8, 16.5, 9.5]},
			"faces": {
				"north": {"uv": [0, 6, 3.5, 9], "texture": "#4"},
				"east": {"uv": [0, 0, 0, 3], "texture": "#4"},
				"south": {"uv": [3.5, 6, 7, 9], "texture": "#4"},
				"west": {"uv": [0, 0, 0, 3], "texture": "#4"},
				"up": {"uv": [3.5, 0, 0, 0], "texture": "#4"},
				"down": {"uv": [3.5, 0, 0, 0], "texture": "#4"}
			}
		},
		{
			"from": [9, 13.5, 7],
			"to": [9, 19.5, 14],
			"rotation": {"angle": 0, "axis": "y", "origin": [8, 16.5, 9.5]},
			"faces": {
				"north": {"uv": [0, 0, 0, 3], "texture": "#4"},
				"east": {"uv": [7, 0, 10.5, 3], "texture": "#4"},
				"south": {"uv": [0, 0, 0, 3], "texture": "#4"},
				"west": {"uv": [7, 3, 10.5, 6], "texture": "#4"},
				"up": {"uv": [0, 3.5, 0, 0], "texture": "#4"},
				"down": {"uv": [0, 0, 0, 3.5], "texture": "#4"}
			}
		},
		{
			"from": [3.5, 13.5, 8.5],
			"to": [10.5, 19.5, 8.5],
			"rotation": {"angle": 45, "axis": "y", "origin": [7, 16.5, 8.5]},
			"faces": {
				"north": {"uv": [0, 0, 3.5, 3], "texture": "#4"},
				"east": {"uv": [0, 0, 3.5, 3], "texture": "#4"},
				"south": {"uv": [0, 0, 3.5, 3], "texture": "#4"},
				"west": {"uv": [0, 0, 3.5, 3], "texture": "#4"},
				"up": {"uv": [0, 0, 3.5, 3], "texture": "#4"},
				"down": {"uv": [0, 0, 3.5, 3], "texture": "#4"}
			}
		},
		{
			"from": [3.5, 13.5, 8.5],
			"to": [10.5, 19.5, 8.5],
			"rotation": {"angle": -45, "axis": "y", "origin": [7, 16.5, 8.5]},
			"faces": {
				"north": {"uv": [0, 0, 3.5, 3], "texture": "#4"},
				"east": {"uv": [0, 0, 3.5, 3], "texture": "#4"},
				"south": {"uv": [0, 0, 3.5, 3], "texture": "#4"},
				"west": {"uv": [0, 0, 3.5, 3], "texture": "#4"},
				"up": {"uv": [0, 0, 3.5, 3], "texture": "#4"},
				"down": {"uv": [0, 0, 3.5, 3], "texture": "#4"}
			}
		},
		{
			"from": [5.47, 7.47, 6.27],
			"to": [10.53, 10.53, 8.33],
			"rotation": {"angle": 0, "axis": "y", "origin": [8, 8, 8]},
			"faces": {
				"north": {"uv": [10.5, 4, 13, 5.5], "texture": "#4"},
				"east": {"uv": [13, 2, 14, 3.5], "texture": "#4"},
				"south": {"uv": [10.5, 9, 13, 10.5], "texture": "#4"},
				"west": {"uv": [13, 3.5, 14, 5], "texture": "#4"},
				"up": {"uv": [15, 6.5, 12.5, 5.5], "texture": "#4"},
				"down": {"uv": [15, 6.5, 12.5, 7.5], "texture": "#4"}
			}
		},
		{
			"from": [5.47, 10.47, 7.47],
			"to": [10.53, 13.53, 11.53],
			"rotation": {"angle": 0, "axis": "y", "origin": [8, 8, 8]},
			"faces": {
				"north": {"uv": [10.5, 10.5, 13, 12], "texture": "#4"},
				"east": {"uv": [8.5, 12, 10.5, 13.5], "texture": "#4"},
				"south": {"uv": [0, 12, 2.5, 13.5], "texture": "#4"},
				"west": {"uv": [10.5, 12, 12.5, 13.5], "texture": "#4"},
				"up": {"uv": [13, 2, 10.5, 0], "texture": "#4"},
				"down": {"uv": [13, 2, 10.5, 4], "texture": "#4"}
			}
		},
		{
			"from": [6.5, 7.5, 4.5],
			"to": [9.5, 9.5, 6.5],
			"rotation": {"angle": 0, "axis": "y", "origin": [8, 8, 8]},
			"faces": {
				"north": {"uv": [12.5, 7.5, 14, 8.5], "texture": "#4"},
				"east": {"uv": [13, 8.5, 14, 9.5], "texture": "#4"},
				"south": {"uv": [12.5, 12, 14, 13], "texture": "#4"},
				"west": {"uv": [13, 9.5, 14, 10.5], "texture": "#4"},
				"up": {"uv": [14.5, 1, 13, 0], "texture": "#4"},
				"down": {"uv": [14.5, 1, 13, 2], "texture": "#4"}
			}
		},
		{
			"from": [6, 9.5, 3.5],
			"to": [6, 13.5, 6.5],
			"rotation": {"angle": 22.5, "axis": "z", "origin": [6.5, 11.5, 5]},
			"faces": {
				"north": {"uv": [0, 0, 0, 2], "texture": "#4"},
				"east": {"uv": [2.5, 12, 4, 14], "texture": "#4"},
				"south": {"uv": [0, 0, 0, 2], "texture": "#4"},
				"west": {"uv": [4, 12, 5.5, 14], "texture": "#4"},
				"up": {"uv": [0, 1.5, 0, 0], "texture": "#4"},
				"down": {"uv": [0, 0, 0, 1.5], "texture": "#4"}
			}
		},
		{
			"from": [10, 9.5, 3.5],
			"to": [10, 13.5, 6.5],
			"rotation": {"angle": -22.5, "axis": "z", "origin": [9.5, 11.5, 5]},
			"faces": {
				"north": {"uv": [0, 0, 0, 2], "texture": "#4"},
				"east": {"uv": [5.5, 12, 7, 14], "texture": "#4"},
				"south": {"uv": [0, 0, 0, 2], "texture": "#4"},
				"west": {"uv": [7, 12, 8.5, 14], "texture": "#4"},
				"up": {"uv": [0, 1.5, 0, 0], "texture": "#4"},
				"down": {"uv": [0, 0, 0, 1.5], "texture": "#4"}
			}
		},
		{
			"from": [7, 8, 3.5],
			"to": [7, 9, 4.5],
			"rotation": {"angle": 0, "axis": "y", "origin": [6.5, 11.5, 5]},
			"faces": {
				"north": {"uv": [0, 0, 0, 0.5], "texture": "#4"},
				"east": {"uv": [10.5, 5.5, 11, 6], "texture": "#4"},
				"south": {"uv": [0, 0, 0, 0.5], "texture": "#4"},
				"west": {"uv": [11, 5.5, 11.5, 6], "texture": "#4"},
				"up": {"uv": [0, 0.5, 0, 0], "texture": "#4"},
				"down": {"uv": [0, 0, 0, 0.5], "texture": "#4"}
			}
		},
		{
			"from": [9, 8, 3.5],
			"to": [9, 9, 4.5],
			"rotation": {"angle": 0, "axis": "y", "origin": [9.5, 11.5, 5]},
			"faces": {
				"north": {"uv": [0, 0, 0, 0.5], "texture": "#4"},
				"east": {"uv": [11.5, 5.5, 12, 6], "texture": "#4"},
				"south": {"uv": [0, 0, 0, 0.5], "texture": "#4"},
				"west": {"uv": [12, 5.5, 12.5, 6], "texture": "#4"},
				"up": {"uv": [0, 0.5, 0, 0], "texture": "#4"},
				"down": {"uv": [0, 0, 0, 0.5], "texture": "#4"}
			}
		}
	],
	"display": {
		"firstperson_righthand": {
			"translation": [4.5, -4.25, 0]
		},
		"firstperson_lefthand": {
			"translation": [4.5, -4.25, 0]
		},
		"ground": {
			"translation": [0, -2.5, 0]
		},
		"gui": {
			"rotation": [22.5, 135, 0],
			"translation": [-0.25, -4.5, 0]
		},
		"head": {
			"translation": [0, 7.25, -0.75],
			"scale": [1.8, 1.8, 1.8]
		},
		"fixed": {
			"rotation": [-90, 0, 0],
			"translation": [0, -1.25, -0.75],
			"scale": [1.8, 1.8, 1.8]
		}
	}
}